date,LOC_cabinet,LOC_drawer,LOC_tray,LOC_locality,LOC_unit,LOC_subunit,LOC_age,minutesTotal,minutesPerIDRehouse,minutesPerCount,minutesPerPaint,minutesPerCatalog,minutesPerLabels,minutesPerNumber,lotsProcessed,lotsRehoused,lotsIdentified,lotsReidentified
2018-08-08,183,11,1 of 2,,Redding,LouElla Spms,"Turonian, Coniacian, Santonian",1.6,1.8,NA,0.6,0.7,0.2,0.5,25,50,0,0
2018-08-08,183,11,2 of 2,,Redding,LouElla Spms,"Turonian, Coniacian, Santonian",1.66,1.7,NA,1.7,1.1,0.3,0.8,18,36,0,0
2018-08-08,183,12,1 of 3,,Redding,LouElla Spms,"Turonian, Coniacian, Santonian",1.84,1,NA,1,0.8,0.3,0.5,31,53,0,0
2018-08-08,183,12,2 of 3,,Redding,LouElla Spms,"Turonian, Coniacian, Santonian",1.36,1.5,NA,0.5,1,0.6,0.5,20,39,0,0
2018-08-08,183,12,3 of 3,,Redding,LouElla Spms,"Turonian, Coniacian, Santonian",1.25,1.7,NA,0.6,1.1,0.3,0.6,18,17,0,0
2018-02-21,199,05,1 of 3,"5327, 4966, 4993",Ladd,,Turonian,0.87,2.6,NA,0.2,1,0.4,0.2,12,3,0,0
2018-02-21,199,05,2 of 3,4603,Ladd,,Turonian,0.664,2.5,NA,0.1,1.5,0.8,0.1,8,1,2,0
2017-09-13,199,06,1 of 3,24208,Ladd,Baker Canyon,Turonian,1.82,2.5,0.4,0.2,1,NA,0.4,24,20,0,5
2017-09-08,199,06,1 of 3,24235,Ladd,Baker Canyon,Turonian,4.21,3.9,0.4,0.4,0.9,NA,0.5,42,28,7,8
2017-09-13,199,06,2 of 3,24208,Ladd,Baker Canyon,Turonian,2.25,2.5,0.6,0.6,1.2,NA,0.6,24,20,0,5
2017-09-14,199,06,3 of 3,24208,Ladd,Baker Canyon,Turonian,2.25,4.3,2.1,1.1,1.1,NA,1.1,14,10,1,2
2017-09-14,199,06,3 of 3,24208,Ladd,Baker Canyon,Turonian,2.05,4.3,1.6,0.4,1.7,NA,0.7,14,10,1,2
2018-02-23,199,07,1 of 3,16857,Ladd,,Turonian,1.44,1.2,NA,0.1,1.2,0.6,0.3,26,13,5,1
2018-02-23,199,07,2 of 3,16857,Ladd,,Turonian,1.18,1.1,NA,0.1,0.8,0.4,0.2,27,7,8,2
2018-02-24,199,08,1 of 1,"24063, 24064, 24065, 24066, 24067, 24068, 16502",Ladd,,"Turonian, Campanian",2.1,1.4,NA,0.2,1.5,0.6,0.3,32,18,0,0
2018-02-24,199,09,1 of 3,"22951, 22953",Ladd,,Turonian,1.42,1.2,NA,0.1,0.8,0.6,0.6,26,14,3,0
2018-02-24,199,09,2 of 3,22950,Ladd,,Turonian,1.73,1.7,NA,0.1,1.3,0.4,0.2,28,24,0,1
2018-02-24,199,09,3 of 3,22950,Ladd,,Turonian,1.294,1.4,NA,0,1.6,0.6,0,21,6,8,0
2018-02-27,199,10,1 of 3,"1499, 2321, 2322, 2872, 1303",Ladd,,Turonian,1.5330000000000001,1.1,NA,0.1,1.1,0.7,0.2,30,17,2,1
2018-02-27,199,10,2 of 3,22328,Ladd,,Turonian,1.05,1.3,NA,0.1,0.7,0.7,0.1,22,10,6,0
2018-02-27,199,10,3 of 3,22325,Ladd,,Turonian,1.37,0.9,NA,0.1,0.9,0.4,0.2,32,13,10,0
2018-03-03,199,11,1 of 3,29180,Ladd,,Turonian,0.321,1.3,NA,0.1,0.8,0.1,0.1,8,1,1,0
2018-03-03,199,11,2 of 3,29180,Ladd,,Turonian,1.037,1.2,NA,0,NA,0.4,0,38,7,14,0
2018-03-03,199,11,3 of 3,29181,Ladd,,Turonian,1.872,1.3,NA,0,0.7,0.3,0.1,45,8,43,0
2018-03-06,199,12,2 of 3,15779,Ladd,,Turonian,0.5900000000000001,1.1,NA,NA,0.7,0.7,NA,14,1,14,0
2018-03-06,199,12,3 of 3,15779,Ladd,,Turonian,1.637,1.2,NA,0,0.5,0.4,0,46,3,40,0
2018-03-07,200,02,1 of 3,24316,Ladd,,"Turonian, Coniacian",0.68,0.7,NA,0.2,NA,0.4,0.2,27,19,0,2
2018-03-07,200,02,2 of 3,4588,Ladd,,"Turonian, Coniacian",0.457,1.2,NA,0.1,NA,0.3,0.1,17,4,2,1
2018-03-07,200,02,3 of 3,4588,Ladd,,"Turonian, Coniacian",0.5670000000000001,1.3,NA,0.2,0.8,1.9,0.1,8,4,0,0
2018-03-08,200,03,1 of 3,"8176, 8177",Ladd,,"Turonian, Campanian",1.1400000000000001,1.4,NA,0.3,0.7,0.5,0.4,21,15,0,1
2018-03-08,200,03,2 of 3,8179,Ladd,,"Turonian, Campanian",1.1300000000000001,1.2,NA,0.1,1,0.4,0.1,24,8,3,2
2018-03-08,200,03,3 of 3,"8178, 30123",Ladd,,"Turonian, Campanian",1.44,0.9,NA,0.3,0.6,0.4,0.3,34,23,0,6
2018-03-09,200,04,1 of 3,8169,Ladd,,Turonian,1.96,1.3,NA,0.1,0.9,0.8,0.2,36,17,8,1
2018-03-09,200,04,2 of 3,26981,Ladd,,Turonian,0.52,1,NA,0.2,0.9,0.4,0.2,12,7,1,0
2018-03-09,200,04,3 of 3,8168,Ladd,,Turonian,1.1,0.8,NA,0.1,0.8,0.6,0.4,24,14,0,0
2018-03-10,200,05,1 of 3,1250,Ladd,,Turonian,1.22,1,NA,0.1,0.6,0.5,0.2,32,5,9,2
2018-03-10,200,05,2 of 3,,Ladd,,Turonian,1.79,1.5,NA,0,0.7,0.4,0.1,39,10,15,1
2018-03-10,200,05,3 of 3,"4950, 1250",Ladd,,Turonian,1.15,1.2,NA,0.1,0.8,0.6,0.1,25,5,9,2
2017-09-01,200,06,1 of 4,15737,Ladd,Baker Canyon,Turonian,2.94,4.2,0.4,0.8,1,0.5,0.2,25,29,2,9
2017-09-01,200,06,2 of 4,15737,Ladd,Baker Canyon,Turonian,3.3,4.2,0.6,0.6,1.2,0.7,0.6,25,29,2,9
2017-09-01,200,06,3 of 4,15738,Ladd,Baker Canyon,Turonian,3.05,3.4,1.4,0.7,1.4,0.8,0.7,22,25,0,4
2017-09-01,200,06,4 of 4,15738,Ladd,Baker Canyon,Turonian,2.5300000000000002,3.4,1.1,0.2,1.4,0.6,0.2,22,25,0,4
2018-03-13,200,07,1 of 3,"17091, 17092",Ladd,,"Turonian, Coniacian, Campanian",0.41000000000000003,1.4,NA,NA,0.5,0.4,NA,11,0,11,0
2018-03-13,200,07,2 of 3,15683,Ladd,,"Turonian, Coniacian, Campanian",0.79,1.1,NA,NA,1.1,0.4,NA,18,1,0,4
2018-03-13,200,07,3 of 3,15894,Ladd,,"Turonian, Coniacian, Campanian",0.6699999999999999,1.1,NA,NA,0.5,0.5,NA,19,0,17,0
2018-03-21,200,08,1 of 3,8198,Ladd,,Turonian,0.776,1.5,NA,0.1,1.2,0.7,0.1,13,10,2,0
2018-03-21,200,08,2 of 3,8198,Ladd,,Turonian,1.69,1.1,NA,0.1,0.8,0.6,0.5,33,19,4,1
2018-03-21,200,08,3 of 3,"8199, 8200",Ladd,,Turonian,0.89,1.1,NA,0.2,0.5,0.5,0.2,22,10,1,1
2018-03-22,200,09,1 of 3,"8187, 8190, 8193",Ladd,,Turonian,0.687,1.1,NA,0.2,0.5,NA,0,21,12,0,1
2018-03-22,200,09,2 of 3,8180,Ladd,,Turonian,1.17,1,NA,0.2,0.6,0.5,0.6,24,15,3,3
2018-03-22,200,09,3 of 3,8194,Ladd,,Turonian,1.04,1.5,NA,0.2,0.6,0.7,0.1,20,6,2,1
2018-03-22,200,10,1 of 2,8195,Ladd,,Turonian,0.8300000000000001,0.9,NA,0.2,0.5,0.5,0.2,21,15,0,0
2018-03-22,200,10,2 of 2,8195,Ladd,,Turonian,0.29000000000000004,1.8,NA,NA,0.8,0.8,NA,5,2,1,0
2018-03-22,200,11,1 of 2,8197,Ladd,,Turonian,1.01,1.1,NA,0.2,1,0.4,0.1,22,9,1,1
2018-03-22,200,11,2 of 2,8197,Ladd,,Turonian,0.677,2,NA,0.5,1,0.5,0.1,10,3,3,0
2018-03-27,200,12,1 of 2,10079,Ladd,,Turonian,0.303,1,0.2,1,1,0.4,0.2,5,0,0,0
2018-03-27,200,12,2 of 2,10079,Ladd,,Turonian,1.65,1.5,NA,0.1,1.2,0.4,0.1,30,20,4,2
2018-03-27,201,01,1 of 3,16860,Ladd,,Turonian,1.174,1.4,NA,0,0.9,0.4,0,25,4,7,0
2018-03-27,201,01,2 of 3,16860,Ladd,,Turonian,0.9400000000000001,0.8,NA,0.1,1,0.4,0.1,24,6,7,5
2018-03-27,201,01,3 of 3,16860,Ladd,,Turonian,1.1,1.5,NA,NA,1.9,0.8,NA,16,0,15,0
2018-03-29,201,02,1 of 3,"10109, 31450",Ladd,,Turonian,1.26,1.5,NA,0.1,1.5,0.5,0.2,20,10,1,1
2018-03-29,201,02,2 of 3,"11791,10111, 10112",Ladd,,Turonian,1.55,1,NA,0.1,0.9,0.4,0.1,37,18,0,3
2018-03-29,201,02,3 of 3,10108,Ladd,,Turonian,1.1099999999999999,0.9,NA,0.1,0.5,0.5,0.1,33,7,20,1
2018-03-30,201,03,1 of 3,10889,Ladd,,Turonian,0.78,1.1,NA,0.1,0.6,0.7,0.1,18,12,1,1
2018-03-30,201,03,2 of 3,"10886, 10884",Ladd,,Turonian,0.73,0.8,NA,0.1,0.6,0.7,0.2,18,10,1,1
2018-03-30,201,03,3 of 3,10863,Ladd,,Turonian,0.594,1.1,NA,0.1,2.1,0.5,0.1,9,1,0,0
2018-03-30,201,05,1 of 2,10888,Ladd,,Turonian,0.81,1,NA,0.1,0.8,0.5,0.1,20,10,2,2
2018-03-30,201,05,2 of 2,10887,Ladd,,Turonian,0.174,1,NA,0.2,0.4,0.4,0.2,5,1,0,0
2018-03-30,201,06,1 of 3,10885,Ladd,,Turonian,0.377,0.9,NA,0.1,0.4,0.4,0.2,11,2,1,0
2018-03-30,201,06,2 of 3,10884,Ladd,,Turonian,0.79,0.9,NA,0.1,0.6,0.4,0.2,21,12,1,1
2018-03-30,201,06,3 of 3,10885,Ladd,,Turonian,1.27,1,NA,NA,1,0.1,NA,36,0,36,0
2018-04-03,201,07,1 of 3,"10957, 10959",Ladd,,Turonian,1.11,1.3,NA,0.3,0.8,0.2,0.1,25,12,2,6
2018-04-03,201,07,2 of 3,"10954, 10952, 10960",Ladd,,Turonian,1.6199999999999999,1.1,NA,0.3,0.7,0.5,0.3,34,20,3,7
2018-04-05,201,07,3 of 3,"10946, 10955",Ladd,,Turonian,1.21,1.4,NA,0.2,0.6,0.4,0.2,26,14,2,5
2018-04-05,201,08,1 of 2,"21529, 21532, 15295",Ladd,,Turonian,0.98,1.4,NA,0.2,0.5,0.5,0.1,22,13,1,1
2018-04-04,201,08,2 of 2,"17541, 17580",Ladd,,Turonian,1.1360000000000001,1,NA,0,0.4,0.4,0.1,34,4,33,0
2017-09-06,201,09,1 of 4,22323,Ladd,Baker Canyon,Turonian,3.3,2,1.5,0.5,1.5,0.6,0.5,30,22,3,0
2017-09-07,201,09,2 of 4,22323,Ladd,Baker Canyon,Turonian,2.8,4.2,1.7,0.8,0.8,1,0.8,18,16,0,1
2017-09-07,201,09,3 of 4,22323,Ladd,Baker Canyon,Turonian,3.05,4.3,0.7,0.7,1.4,0.9,0.7,21,20,4,9
2017-09-08,201,09,4 of 4,22323,Ladd,Baker Canyon,Turonian,1.236,3,0.9,0.8,8.4,NA,1.7,5,20,4,9
2018-04-05,201,10,1 of 3,"28712, 10106",Ladd,,Turonian,0.136,1.2,NA,NA,2.4,0.5,NA,2,0,0,1
2018-04-05,201,10,2 of 3,"16644, 16645",Ladd,,Turonian,1.1300000000000001,1.2,NA,0.2,0.7,0.4,0.1,26,15,1,8
2018-04-06,201,11,1 of 3,10893,Ladd,,Turonian,1.84,0.9,NA,0.2,0.8,0.5,0.4,39,23,9,3
2018-04-07,201,11,2 of 3,10873,Ladd,,Turonian,1.43,1.4,NA,1,0.4,0.4,0.2,25,20,0,4
2018-04-07,201,11,3 of 3,10100,Ladd,,Turonian,1.73,0.7,NA,0.3,0.6,0.4,0.1,49,28,14,10
2018-04-11,201,12,1 of 3,10099,Ladd,,Turonian,0.7,1.2,NA,0.5,1.2,0.4,0.2,12,8,1,2
2018-04-11,201,12,2 of 3,26980,Ladd,,Turonian,0.99,1.8,NA,0.1,0.6,0.2,0.2,20,9,2,7
2018-04-11,201,12,3 of 3,10098,Ladd,,Turonian,0.89,0.9,NA,0.1,1.1,0.3,0.1,21,6,2,1
2018-02-02,202,01,1 of 4,"10950, 10951, 10949",Ladd,Baker Canyon,Turonian,2.8,4.4,NA,NA,1.1,0.6,0.2,27,12,3,2
2018-02-02,202,01,2 of 4,"10948, 10949",Ladd,,Turonian,1.69,2.9,NA,0.1,1.4,0.3,0.3,21,15,0,3
2018-02-02,202,01,3 of 4,10953,Ladd,,Turonian,0.91,3.3,NA,0.2,1.2,1.1,0.2,9,4,0,1
2018-02-03,202,02,1 of 2,"10897, 10895, 10898",Ladd,,Turonian,1.68,3.2,NA,0.1,1.2,0.3,0.5,19,9,1,2
2018-02-03,202,02,2 of 2,10896,Ladd,,Turonian,0.32,5,NA,NA,0.8,0.6,NA,3,1,0,1
2018-02-03,202,03,1 of 2,10883,Ladd,,Turonian,3.65,3.4,NA,0,0.9,1.3,0.6,35,15,9,0
2018-02-03,202,03,2 of 2,10891,Ladd,,Turonian,1.79,3,NA,0.1,1,0.5,0.8,20,16,0,1
2018-02-07,202,04,1 of 2,10890,Ladd,,Turonian,2.33,1.6,NA,0.3,0.9,0.5,0.3,40,17,8,2
2018-02-07,202,04,2 of 2,10882,Ladd,,Turonian,3.35,2.1,NA,0.2,0.9,1.1,0.5,42,38,2,2
2018-02-08,202,05,1 of 2,42358,Ladd,,Turonian,0.61,15,NA,NA,2.4,0.9,NA,2,1,0,1
2018-02-08,202,05,2 of 2,"28715, 28716",Ladd,,Turonian,1.62,1.7,NA,0.4,0.8,0.4,0.1,29,14,3,0
2018-02-21,202,05,3 of 3,"6026, 5795, 8170",Ladd,,Turonian,1.59,1.2,NA,0.2,1.1,0.5,0.2,31,16,0,1
2018-02-08,202,06,1 of 2,16859,Ladd,,Turonian,1.86,2.5,NA,0.1,1.1,0.8,0.2,24,10,4,2
2018-02-08,202,06,2 of 2,"10956, 10947",Ladd,,Turonian,1.86,1.6,NA,0.1,1.1,0.5,0.5,29,15,0,1
2018-02-09,202,07,1 of 3,8185,Ladd,,Turonian,2.12,1.9,NA,0.1,1.2,0.6,0.2,32,23,1,4
2018-02-09,202,07,2 of 3,"16879, 16878",Ladd,,Turonian,2.18,1.4,NA,0.1,0.9,1.4,0.1,33,13,6,1
2018-02-10,202,07,3 of 3,22952,Ladd,,Turonian,1.11,1.8,NA,0.3,0.9,0.9,0.1,17,13,0,0
2018-02-13,202,08,1 of 1,9909,Ladd,,Turonian,0.843,1.7,NA,0.1,1.6,0.8,0.1,12,5,0,3
2018-02-13,202,09,1 of 3,30122,Ladd,,Turonian,1.6600000000000001,0.8,NA,0.1,0.8,0.6,0.1,43,17,18,2
2018-02-13,202,09,2 of 3,30123,Ladd,,Turonian,3.25,1.7,NA,0.1,0.8,0.5,0.1,61,29,19,3
2018-02-13,202,09,3 of 3,16858,Ladd,,Turonian,1.71,2.9,NA,0.1,1,0.3,0.1,24,6,21,0
2018-02-17,202,10,3 of 3,"28709, 3565, 3567",Ladd,,Turonian,0.974,2.1,NA,0.1,1,0.7,0.1,15,2,13,0
2018-02-16,202,10,1 of 3,31501,Ladd,,Turonian,0.88,6.4,NA,NA,0.9,0.3,NA,7,1,6,0
2018-02-17,202,10,2 of 3,"23563, 23566",Ladd,,Turonian,0.49,3.3,NA,NA,0.8,0.8,NA,6,1,3,0
2018-02-02,202,11,1 of 4,23449,Ladd,,Turonian,1.6600000000000001,1,0.1,0.1,0.7,0.3,0.6,35,27,32,0
2018-02-17,202,11,4 of 4,23449,Ladd,,Turonian,1.6600000000000001,1,0.1,0.1,0.7,0.3,0.6,35,20,32,0
2018-02-17,202,11,2 of 4,23449,Ladd,,Turonian,0.537,3.3,NA,NA,0.9,0.3,0.1,7,3,5,0
2018-03-02,202,11,3 of 4,23449,Ladd,,Turonian,1.104,1,NA,0,0.7,0.3,0,32,3,32,0
2018-02-17,202,12,1 of 3,23449,Ladd,,"Turonian, Coniacian",1.98,1.8,NA,0.1,1,0.4,0.3,33,20,7,0
2018-03-02,202,12,2 of 3,23449,Ladd,,"Turonian, Coniacian",2.62,2.8,NA,0.6,0.6,0.6,0.4,32,9,32,0
2018-03-02,202,12,3 of 3,23449,Ladd,,"Turonian, Coniacian",1.52,1.7,NA,0.1,1,0.5,0.1,26,4,22,0
2018-02-21,203,01,1 of 1,"8167, 17543, 17544, 17545",Ladd,,"Turonian, Coniacian",0.6040000000000001,1.7,NA,0.1,0.8,0.4,0.1,12,2,6,0
2018-05-04,203,02,1 of 3,20130,Redding,,Turonian,0.097,3,NA,NA,1.8,1,NA,1,0,0,0
2018-05-04,203,02,2 of 3,42423,Redding,,Turonian,0.71,0.8,NA,0.1,0.6,0.2,0.1,25,2,25,0
2018-05-04,203,02,3 of 3,42423,Redding,,Turonian,0.33,0.8,NA,NA,0.4,0.4,NA,12,0,12,0
2018-06-14,203,03,1 of 2,"10904, 10789",Redding,,Turonian,0.36,2.6,NA,1.2,1.2,0.4,NA,4,1,4,0
2018-06-14,203,04,1 of 2,25466,Redding,,Turonian,2.15,1.8,NA,0.5,1.5,NA,0.2,33,19,30,0
2018-06-14,203,04,2 of 2,26054,Redding,,Turonian,1,0.7,NA,NA,1.1,0.4,NA,27,0,27,0
2018-04-13,203,05,1 of 3,24653,Redding,,Turonian,4.79,2.9,NA,0.3,0.5,0.3,0.3,68,27,50,0
2018-04-13,203,05,2 of 3,24653,Redding,,Turonian,4.55,3.1,0.3,0.3,0.7,0.6,0.6,49,9,23,20
2018-04-17,203,05,3 of 3,24649,Redding,,Turonian,3.05,5.5,NA,0.2,2,0.5,0.1,22,15,8,10
2018-04-27,203,06,1 of 4,10778,Redding,,Turonian,1.4,3.3,NA,NA,1.3,NA,NA,18,2,17,1
2018-04-27,203,06,2 of 4,10778,Redding,,Turonian,1.95,1.2,NA,0.1,0.5,0.4,0.2,49,12,42,1
2018-05-02,203,06,3 of 4,10778,Redding,,Turonian,2.8,1.2,NA,0.1,0.8,0.6,0.1,60,9,54,2
2018-05-02,203,06,4 of 4,10778,Redding,,Turonian,1.934,6.2,1.2,0.1,0.8,1.2,0.1,12,9,9,0
2018-06-15,203,08,1 of 4,27230,Redding,,Turonian,0.83,1.4,NA,NA,0.7,0.2,NA,21,0,21,0
2018-06-15,203,08,2 of 4,27229,Redding,,Turonian,0.9199999999999999,1.3,NA,NA,0.8,0.3,NA,23,0,23,0
2018-06-15,203,08,2 of 4,27229,Redding,,Turonian,0.796,2.7,NA,0.2,0.9,0.4,0.1,11,2,11,0
2018-06-15,203,08,3 of 4,27233,Redding,,Turonian,1.5170000000000001,15,NA,0.3,11,3.4,0.6,3,1,33,0
2018-06-15,203,08,4 of 4,27231,Redding,,Turonian,0.30000000000000004,2,NA,NA,0.7,0.3,NA,6,0,6,0
2018-06-15,203,09,1 of 2,12540,Redding,,Turonian,0.48,1.5,NA,NA,1.2,0.2,NA,10,0,10,0
2018-06-15,203,09,2 of 2,12540,Redding,,Turonian,0.57,0.9,NA,NA,0.9,0.3,NA,16,0,16,0
2018-06-15,203,10,1 of 2,26060,Redding,,Turonian,1.68,1.4,NA,0.2,1.2,1.2,NA,26,5,26,0
2018-06-15,203,10,2 of 2,26062,Redding,,Turonian,0.8999999999999999,1.2,NA,NA,1.2,1.2,NA,15,2,15,0
2018-06-16,203,11,1 of 1,26061,Redding,,Turonian,1.43,1.4,NA,0.2,2,0.2,NA,23,4,23,0
2018-06-16,203,12,1 of 2,26063,Redding,,Turonian,1.2,1.4,NA,NA,1.1,1.8,NA,17,1,16,0
2018-06-16,203,12,2 of 2,26063,Redding,,Turonian,0.54,0.9,NA,NA,0.5,0.3,NA,19,0,19,0
2018-04-19,204,02,1 of 3,"10774, 2329",Redding,,Turonian,1.3,1.3,NA,0.2,1.9,0.6,0.9,16,11,1,6
2018-04-19,204,02,2 of 3,10775,Redding,,Turonian,1.69,2.7,NA,0.1,0.9,0.4,0.4,22,11,7,3
2018-04-19,204,02,3 of 3,"10776, 10777",Redding,,Turonian,2.48,2.2,NA,0.2,2.2,0.6,0.4,27,12,8,7
2018-04-20,204,03,1 of 3,"10771, 10908",Redding,,"Turonian, Santonian",1.4600000000000002,1.9,NA,0.1,1,0.4,0.1,25,15,13,7
2018-04-20,204,03,2 of 3,"10771, 10908",Redding,,"Turonian, Santonian",1.52,1.9,NA,0.2,1,0.4,0.1,25,15,13,7
2018-04-20,204,03,3 of 3,10773,Redding,,"Turonian, Santonian",2.76,3.3,NA,0.7,1.3,1,1,23,21,9,9
2018-04-24,204,04,1 of 4,10769,Redding,,Turonian,1.46,1.6,NA,0.4,0.7,0.5,0.7,23,10,4,9
2018-04-24,204,04,2 of 4,10810,Redding,,Turonian,2.44,1.7,NA,0.6,0.7,0.6,0.7,35,28,10,13
2018-04-25,204,04,3 of 4,10772,Redding,,Turonian,1.55,1.7,NA,0.3,0.7,0.4,0.2,29,21,5,6
2018-04-25,204,04,4 of 4,"10768, 10769",Redding,,Turonian,1.57,1.2,NA,0.2,0.7,0.9,0.2,29,20,7,11
2018-04-26,204,05,1 of 4,10759,Redding,,Turonian,2.42,1.3,NA,0.9,1.3,0.3,0.4,35,24,10,13
2018-04-26,204,05,2 of 4,10764,Redding,,Turonian,1.4,1.5,NA,NA,NA,0.4,0.4,37,20,13,8
2018-04-26,204,05,3 of 4,10763,Redding,,Turonian,1.78,1.5,NA,0.7,0.7,0.3,0.2,31,24,5,15
2018-04-26,204,05,4 of 4,"10760, 10862",Redding,,Turonian,1.26,1.4,NA,0.6,0.6,0.2,0.2,24,10,7,12
2018-05-03,204,06,1 of 4,"10762, 10767",Redding,,Turonian,2.92,1.3,NA,0.4,1.3,3.1,0.4,27,17,9,8
2018-05-03,204,06,2 of 4,10761,Redding,,Turonian,0.61,1.9,NA,0.2,1.9,0.6,NA,8,3,4,3
2018-05-03,204,06,3 of 4,10761,Redding,,Turonian,0.426,1.5,NA,0.2,0.6,0.2,0.1,10,6,8,2
2018-05-03,204,06,4 of 4,10761,Redding,,Turonian,0.297,5,NA,NA,0.6,0.3,NA,3,0,3,0
2018-05-04,204,07,1 of 2,12539,Redding,,Turonian,1.37,1.4,NA,NA,0.7,0.3,NA,34,0,34,0
2018-05-04,204,07,2 of 2,10789,Redding,,Turonian,3.3499999999999996,1.7,NA,0.5,0.6,2.3,0.5,36,30,17,7
2018-06-12,204,08,1 of 3,10740,Redding,,"Turonian, Santonian",2.51,1.9,NA,0.5,1.9,0.3,0.2,31,17,17,9
2018-06-12,204,08,2 of 3,10738,Redding,,"Turonian, Santonian",1.76,2.1,NA,0.1,1.1,0.4,0.1,28,11,10,11
2018-06-12,204,08,3 of 3,"10738, 10739, 10740, 28714",Redding,,"Turonian, Santonian",0.81,1.1,NA,0.1,1.1,0.3,0.1,18,2,11,7
2018-06-13,204,09,1 of 3,10738,Redding,,"Turonian, Santonian",0.8200000000000001,4.3,NA,NA,2.1,0.6,NA,7,2,6,0
2018-06-13,204,09,2 of 3,10738,Redding,,"Turonian, Santonian",1.1320000000000001,1.4,NA,0,1.4,0.3,0,21,1,20,0
2018-06-13,204,09,3 of 3,10738,Redding,,"Turonian, Santonian",2.16,0.9,NA,0.1,1.2,0.3,0.1,50,2,50,0
2018-06-13,204,10,1 of 3,10738,Redding,,"Turonian, Santonian",0.996,1,NA,0.2,1,0.2,0,24,3,24,0
2018-06-13,204,10,2 of 3,10738,Redding,,"Turonian, Santonian",2.2560000000000002,1.6,NA,0,1.2,0.5,0,41,6,41,0
2018-06-13,204,10,3 of 3,10738,Redding,,"Turonian, Santonian",3.596,1.7,NA,0.1,1.1,1.1,0,54,6,49,2
2018-06-14,204,11,1 of 1,24214,Redding,,Turonian,3.37,1.8,NA,0.6,1.2,0.2,0.2,49,37,19,16
2018-06-16,205,01,1 of 3,24658,Redding,,Turonian,1.3,1.2,NA,0.1,1.4,0.2,0.2,24,17,5,6
2018-06-16,205,01,2 of 3,10818,Redding,,Turonian,1.03,1.4,NA,NA,1.3,0.2,NA,21,2,13,0
2018-05-01,205,01,3 of 3,"10815, 10814, 10867",Redding,,Turonian,2.61,2.3,NA,0.5,0.7,0.6,0.7,33,38,10,16
2018-06-16,205,02,1 of 2,29929,Redding,,Turonian,0.36,0.9,NA,NA,0.8,0.2,NA,11,0,11,0
2018-06-16,205,02,2 of 2,"24651, 24105",Redding,,Turonian,1.54,1.5,NA,0.3,0.5,0.2,0.5,31,18,17,5
2018-06-19,205,03,1 of 3,24652,Redding,,"Turonian, Santonian",2.39,1.2,NA,0.3,0.9,0.2,0.2,52,19,39,5
2018-06-19,205,03,2 of 3,"24649, 24650",Redding,,"Turonian, Santonian",0.65,1.3,NA,0.3,0.8,0.3,NA,14,10,6,3
2018-06-16,205,03,3 of 3,"10915, 10916, 10917",Redding,,"Turonian, Santonian",0.75,2.1,NA,NA,1.2,0.2,NA,13,1,13,0
2018-06-16,205,04,2 of 2,24654,Redding,,Turonian,0.99,1.8,NA,0.3,1.2,0.2,0.1,17,12,5,7
2018-06-20,205,05,3 of 4,10728,Redding,,"Turonian, Santonian",1.59,1,NA,0.3,0.9,0.2,0.3,35,23,21,5
2018-06-20,205,05,4 of 4,"10726, 10727",Redding,,"Turonian, Santonian",2.4699999999999998,1.8,NA,0.4,0.9,0.3,0.4,40,30,14,11
2018-05-04,205,05,2 of 4,"10729, 10730",Redding,,"Turonian, Santonian",3.6,2.1,0.6,0.4,0.6,0.4,0.2,50,0,0,0
2018-05-02,205,05,1 of 4,10808,Redding,,"Turonian, Santonian",2.6100000000000003,3.2,NA,0.2,0.7,0.7,0.5,30,24,8,18
2017-10-06,205,06,1 of 2,10735,Redding,,Turonian,3.75,3.5,1.7,0.6,1.2,1.2,0.6,26,30,6,11
2018-06-22,205,06,2 of 3,"10736, 10737",Redding,,Turonian,2.32,1.4,NA,0.3,0.8,0.2,0.4,44,32,13,16
2018-06-22,205,06,3 of 3,10733,Redding,,Turonian,2.16,1.3,NA,0.3,1.2,0.3,0.3,39,17,19,9
2018-06-22,205,09,1 of 4,"10747, 10785, 10748",Redding,,Turonian,1.85,1.5,NA,0.5,0.8,0.3,0.6,31,23,9,9
2018-06-22,205,09,2 of 4,10746,Redding,,Turonian,1.31,1.6,NA,0.2,0.6,0.2,0.2,28,21,7,13
2018-06-22,205,09,3 of 4,10749,Redding,,Turonian,1.81,1.8,NA,0.1,0.9,0.4,0.1,34,8,24,6
2018-06-22,205,09,4 of 4,"10744, 10745",Redding,,Turonian,1.68,1.4,NA,0.3,0.9,0.3,0.2,33,23,17,8
2018-07-03,205,10,1 of 2,24213,Redding,,"Turonian, Coniacian",1.73,1.5,NA,0.2,1,0.2,0.5,31,21,15,9
2018-07-03,205,10,2 of 2,"12566, 26053, 25487",Redding,,"Turonian, Coniacian",0.54,1.5,NA,NA,1.5,0.2,NA,10,1,10,0
2018-07-05,205,11,1 of 4,10754,Redding,,Turonian,2.91,1.6,NA,0.4,1.9,0.2,0.1,41,12,36,0
2018-07-05,205,11,2 of 4,25421,Redding,,Turonian,3.06,2.7,NA,NA,1,0.2,0.2,44,20,44,0
2018-07-05,205,11,3 of 4,25421,Redding,,Turonian,3.34,2.1,NA,1,3.6,NA,0.2,29,14,20,0
2018-07-05,205,11,4 of 4,25421,Redding,,Turonian,3.61,1.5,NA,0.3,2.2,0.2,0.3,48,41,35,2
2018-07-06,205,12,1 of 3,10754=25421,Redding,,Turonian,1.2,1.4,NA,NA,1.4,NA,NA,26,1,25,2
2018-07-05,205,12,2 of 3,10754=25421,Redding,,Turonian,0.37,1.3,NA,NA,1.3,0.2,NA,8,0,8,0
2018-07-07,205,12,3 of 3,10754=25421,Redding,,Turonian,1.73,1.3,NA,0.4,1.1,0.5,0.4,28,19,15,8
2018-06-26,206,01,1 of 1,15802,Redding,,Turonian,0.486,1.8,NA,NA,1,0.1,NA,10,0,10,0
2017-09-29,206,02,1 of 2,"10742, 10743",Redding,Frazier Siltstone,Turonian,6,5.9,0.7,0.4,0.7,0.7,0.4,41,39,0,29
2018-06-26,206,03,1 of 3,15803,Redding,,Turonian,0.388,2.5,NA,0.2,0.9,0.2,0.2,6,2,5,1
2018-06-26,206,03,2 of 3,"10765, 10766",Redding,,Turonian,1.03,1.1,NA,0.2,0.7,0.9,NA,21,6,12,2
2018-06-26,206,03,3 of 3,24655,Redding,,Turonian,0.47200000000000003,2.3,NA,0.1,1.5,NA,0.1,7,2,3,1
2018-06-27,206,04,1 of 2,15839,Redding,,"Turonian, Santonian",1.84,2,NA,0.5,1,0.2,NA,30,20,24,2
2018-06-27,206,04,1 of 2,28802,Redding,,"Turonian, Santonian",0.486,4.5,NA,NA,2.6,0.2,NA,4,0,4,0
2018-06-29,206,06,1 of 3,24365,Redding,,Turonian,1.65,2.1,NA,0.2,0.4,0.5,0.3,28,11,25,3
2018-06-27,206,05,3 of 3,"24210, 24211",Redding,,"Turonian, Coniacian",1.22,0.8,NA,0.4,0.5,0.6,0.3,28,18,11,15
2018-06-27,206,05,2 of 3,24212,Redding,,Turonian,1.3699999999999999,1.8,NA,0.4,0.6,0.6,NA,24,13,8,8
2018-06-29,206,06,1 of 3,24365,Redding,,Turonian,4.32,2.3,NA,0.2,0.9,0.2,0.3,66,37,37,18
2018-06-30,206,06,2 of 3,24365,Redding,,Turonian,1.832,1.2,NA,0,0.6,0.3,0,52,1,52,0
2018-06-28,206,06,3 of 3,24365,Redding,,Turonian,1.51,1.3,NA,0.3,0.4,0.5,0.1,35,0,33,1
2018-07-06,206,08,1 of 3,"10750, 10751",Redding,,"Turonian, Coniacian, Santonian",1.9,1.5,NA,NA,3,1,0.2,20,15,4,9
2018-07-06,206,08,2 of 3,"10752, 10753",Redding,,"Turonian, Coniacian, Santonian",1.51,1.2,NA,0.2,1,0.5,0.2,30,20,3,21
2018-07-06,206,09,1 of 1,15736,Redding,,Turonian,1.85,1.2,NA,NA,0.8,0.8,0.1,38,16,35,1
2018-07-12,213,02,1 of 3,"15871, 24331",Redding,,"Turonian, Coniacian, Santonian",0.6,1.2,NA,NA,0.7,0.3,NA,16,0,16,0
2018-07-12,213,02,2 of 3,"28721, 28718",Redding,,"Turonian, Coniacian, Santonian",1.2,2.5,NA,0.1,1,0.3,0.1,18,5,16,0
2018-07-12,213,02,3 of 3,"24321, 28720",Redding,,"Turonian, Coniacian, Santonian",0.756,1.5,NA,0.1,0.9,0.3,0.1,16,2,16,0
2018-07-12,213,07,1 of 1,15754,Redding,,Santonian,2.36,2,NA,0.1,0.9,0.3,0.3,39,20,38,0
2018-07-12,213,08,1 of 2,26005,Redding,,"Turonian, Santonian",0.24,0.8,NA,0.5,0.8,0.3,NA,6,0,6,6
2018-07-12,213,08,2 of 2,26005,Redding,,"Turonian, Santonian",1.24,2.1,NA,NA,0.9,0.2,0.1,23,6,23,23
2018-07-13,213,10,1 of 2,24105,Redding,,"Turonian, Santonian",1.27,1.3,NA,0.5,1,0.2,0.1,25,9,25,0
2018-07-13,213,10,2 of 2,26004,Redding,,"Turonian, Santonian",0.13,2,NA,NA,0.6,NA,NA,3,1,3,0
2018-07-14,213,11,1 of 2,24078,Redding,,"Turonian, Coniacian, Santonian",1.1,2.1,NA,0.3,0.9,0.3,0.3,17,14,17,0
2018-07-14,213,11,2 of 2,"24223, 28726, 28727, 24323",Redding,,"Turonian, Coniacian, Santonian",0.85,1.8,NA,0.4,1.4,0.1,0.2,13,8,13,0
2018-08-04,214,02,1 of 3,24328,Redding,,"Turonian, Santonian",1.7,1.6,NA,0.1,0.7,0.3,0.3,34,17,34,0
2018-08-04,214,02,2 of 3,"24648, 27098",Redding,,"Turonian, Santonian",2.85,2.7,NA,0.3,0.8,0.3,0.4,39,29,39,0
2018-08-07,214,02,3 of 3,24648,Redding,,"Turonian, Santonian",3.19,2.1,NA,0.4,0.9,0.2,0.2,51,44,51,0
2018-08-04,214,04,1 of 3,10843,Redding,,"Turonian, Coniacian, Santonian",1.03,1.4,NA,0.2,0.8,0.2,0.5,20,14,20,0
2018-08-07,214,04,2 of 3,"25432, 23369",Redding,,"Turonian, Coniacian, Santonian",0.632,1.1,NA,0.1,0.8,0.3,0.1,17,5,17,0
2018-08-04,214,04,3 of 3,"10914, 28719",Redding,,"Turonian, Coniacian, Santonian",1.22,2.4,NA,0.1,0.9,0.3,0.3,19,5,19,0
2018-08-02,214,07,1 of 2,24105,Redding,,"Turonian, Santonian",1.0999999999999999,1.6,NA,0.1,0.8,0.2,0.2,22,12,21,0
2018-08-02,214,07,2 of 2,"24079, 24080",Redding,,"Turonian, Santonian",1.12,1.3,NA,0.1,0.9,0.4,0.2,23,16,22,0
2018-08-02,214,08,1 of 2,25388,Redding,,"Turonian, Santonian",2.19,1.4,NA,0.1,0.8,0.8,0.4,39,15,39,0
2018-08-02,214,08,2 of 2,"8136, 29214, 29213, 29211, 25388",Redding,,"Turonian, Santonian",1.23,1,NA,0.1,1,0.3,0.1,31,2,31,0
2018-08-13,214,10,1 of 2,26014,Redding,,"Turonian, Santonian",1.25,1.1,NA,0.1,0.9,0.5,NA,29,4,29,0
2018-08-13,214,10,2 of 2,"26006, 26007, 28728",Redding,,"Turonian, Santonian",0.352,1.2,NA,0.1,NA,0.3,0.1,13,3,13,0
2018-08-13,214,11,1 of 2,"25391, 25392, 25389, 25395",Redding,,"Turonian, Santonian",0.532,1.2,NA,0.1,NA,1.2,0.1,13,2,13,0
2018-08-13,214,11,2 of 2,24336,Redding,,"Turonian, Santonian",0.8,0.8,NA,0.2,2.5,0.2,0.3,12,4,12,0
2018-08-13,214,12,1 of 2,10937,Redding,,"Turonian, Coniacian, Santonian",1.07,1.1,NA,0.2,0.9,0.2,0.5,22,18,22,0
2018-08-13,214,12,2 of 2,"10936, 19037, 10938, 10935",Redding,,"Turonian, Coniacian, Santonian",0.95,1,NA,0.2,NA,0.3,0.4,31,20,31,0
2018-08-11,215,02,1 of 3,23953,Redding,,"Turonian, Coniacian, Santonian",0.39,1.7,NA,NA,0.7,0.3,NA,9,2,3,6
2018-08-11,215,02,2 of 3,23953,Redding,,"Turonian, Coniacian, Santonian",1.6400000000000001,1.7,NA,0.2,0.4,0.2,0.3,36,24,34,1
2018-08-11,215,02,3 of 3,"24245, 24218",Redding,,"Turonian, Coniacian, Santonian",1.28,1.2,NA,0.2,1.2,0.2,0.2,26,16,21,0
2018-07-24,215,03,1 of 2,24334,Redding,,"Turonian, Santonian",0.98,1.4,NA,0,1.1,0.2,NA,21,1,21,0
2018-07-25,215,04,1 of 2,"10909, 10913",Redding,,"Turonian, Santonian",0.452,2.5,NA,0.2,1.7,NA,0.2,6,2,5,0
2018-07-24,215,04,2 of 2,"25394, 25393",Redding,,"Turonian, Santonian",1.05,1.7,NA,0.1,1.5,0.3,NA,18,3,18,0
2018-07-24,215,05,1 of 2,"10822, 10825",Redding,,"Turonian, Coniacian, Santonian",1.04,1.8,NA,0.1,1.2,0.3,NA,18,12,16,0
2018-07-24,215,05,2 of 2,"24248, 10828",Redding,,"Turonian, Coniacian, Santonian",1.5,2.2,NA,0.2,1.5,0.2,NA,22,16,19,1
2018-05-09,217,03,1 of 4,23615,Chico,,Coniacian,2.68,2.8,NA,0.5,1.2,0.4,0.7,29,30,10,7
2018-05-05,217,03,2 of 4,"23616, 23617, 59556",Chico,,Coniacian,2.42,2.7,NA,0.5,0.3,0.5,0.5,33,29,7,9
2018-05-10,217,03,3 of 4,10846,Chico,,Coniacian,2.83,3,NA,0.7,1,0.7,0.3,30,27,13,3
2018-05-10,217,03,4 of 4,23616,Chico,,Coniacian,1.646,3.9,NA,0.3,0.6,0.3,0.1,19,3,19,0
2018-05-09,217,07,1 of 3,26967,Tuna Canyon,Member B,Coniacian,5.34,4.2,NA,0.2,0.8,0.2,0.3,57,37,35,12
2018-05-09,217,07,3 of 3,26997,Tuna Canyon,,Coniacian,1.47,1.8,NA,0.1,2.6,0.6,0.1,17,11,16,0
2018-07-11,217,10,1 of 4,10755,Redding,,"Turonian, Coniacian, Santonian",1.77,1.5,NA,NA,0.5,1.1,0.2,33,16,26,2
2018-07-11,217,10,2 of 4,10756,Redding,,"Turonian, Coniacian, Santonian",2.24,1.9,NA,0.5,2.4,0.4,0.2,25,23,20,1
2018-07-11,217,10,3 of 4,"10755, 10757, 10844, 15760",Redding,,"Turonian, Coniacian, Santonian",1.72,1.7,NA,0.2,1.1,0.4,0.4,28,18,16,11
2018-07-11,217,10,4 of 4,10758,Redding,,"Turonian, Coniacian, Santonian",1.92,1.9,NA,NA,2.5,0.4,NA,24,17,7,3
2018-07-21,218,07,1 of 2,15786,Redding,,Coniacian,0.336,1.1,NA,0.1,0.5,0.5,NA,9,1,9,0
2018-07-21,218,07,2 of 2,17178,Redding,,Coniacian,0.8300000000000001,1.9,NA,0.1,1.7,0.4,0.1,12,2,10,1
2018-07-18,218,08,1 of 2,10817,Redding,,Coniacian,2.1300000000000003,2.8,NA,0.2,2.1,0.3,0.2,23,19,14,3
2018-07-16,218,08,2 of 2,10817,Redding,,Coniacian,2.64,2.2,NA,0.3,1.3,0.3,0.4,35,34,26,7
2018-07-18,218,09,1 of 3,10816,Redding,,Coniacian,2.03,1.9,NA,0.1,0.8,0.4,0.1,36,18,34,2
2018-07-18,218,09,2 of 3,10816,Redding,,Coniacian,1.71,1.5,NA,0.1,0.6,0.1,0.2,41,9,32,4
2018-07-18,218,09,3 of 3,10816,Redding,,Coniacian,0.4,3,NA,NA,2.6,0.4,NA,4,2,0,4
2018-07-18,218,09,3 of 3,10816,Redding,,Coniacian,0.71,1,NA,NA,0.9,0.3,NA,19,0,11,8
2018-07-19,218,10,1 of 2,10816,Redding,,Coniacian,1.71,1.5,NA,0.1,2.7,0.3,0.1,22,3,17,0
2018-07-19,218,10,2 of 2,10816,Redding,,Coniacian,1.81,2.2,NA,0.2,0.9,0.4,NA,30,8,23,1
2018-07-19,218,11,1 of 4,10816,Redding,,Coniacian,1.75,1.4,NA,0.3,0.6,0.8,NA,34,26,22,4
2018-07-19,218,11,2 of 4,10816,Redding,,Coniacian,1.91,1.9,NA,0.2,0.9,0.5,0.1,32,11,26,1
2018-07-20,218,11,3 of 4,10816,Redding,,Coniacian,1.98,2.1,NA,0.4,0.7,0.3,0.7,28,25,12,11
2018-07-20,218,11,4 of 4,10816,Redding,,Coniacian,2.75,2,NA,0.3,1.5,0.4,NA,39,23,26,14
2018-07-20,218,12,1 of 1,10816,Redding,,Coniacian,2.01,1.2,NA,0.1,0.6,0.3,0.2,48,17,44,1
2018-07-25,219,01,1 of 2,10826,Redding,,Coniacian,0.64,1,NA,NA,0.8,0.2,NA,19,0,7,6
2018-07-25,219,01,2 of 2,10827,Redding,,Coniacian,1.8900000000000001,1.4,NA,0.1,0.6,0.3,0.2,42,2,30,5
2018-07-27,219,02,1 of 4,24104,Redding,,Coniacian,2.88,2.2,NA,0.1,1,0.2,0.1,47,29,37,1
2018-07-27,219,02,2 of 4,24104,Redding,,Coniacian,2.2560000000000002,1.8,NA,0,0.7,0.2,NA,51,16,49,2
2018-07-27,219,02,3 of 4,24104,Redding,,Coniacian,1.07,0.5,NA,0.1,0.8,0.3,0.1,33,7,31,0
2018-07-27,219,02,4 of 4,10942,Redding,,Coniacian,1.9000000000000001,1.1,NA,NA,0.6,0.4,0,55,10,55,0
2018-07-28,219,03,1 of 1,26934,Redding,,"Coniacian, Santonian",0.91,1.4,NA,NA,1,0.3,0.1,20,4,19,0
2018-07-28,219,04,1 of 3,10823,Redding,,Coniacian,1.26,1.2,NA,0.2,0.6,0.6,0.4,24,19,6,7
2018-07-28,219,04,2 of 3,8133,Redding,,Coniacian,1.41,0.9,NA,0.2,0.7,1.4,0.7,21,16,16,1
2018-07-28,219,04,3 of 3,8133,Redding,,Coniacian,0.85,1,NA,NA,0.7,0.7,NA,21,10,21,0
2018-07-08,220,03,1 of 4,"10829, 10830",Redding,,"Turonian, Coniacian, Santonian",1.83,1.2,NA,0.1,0.8,0.4,0.4,39,29,35,2
2018-07-08,220,03,2 of 4,10821,Redding,,"Turonian, Coniacian, Santonian",1.47,1.4,NA,0.2,0.8,0.3,0.2,32,20,25,2
2018-07-08,220,03,3 of 4,"10831, 15343",Redding,,"Turonian, Coniacian, Santonian",1.37,1,NA,0.1,0.5,0.3,0.3,37,34,32,0
2018-07-08,220,03,4 of 4,"24324, 16666",Redding,,"Turonian, Coniacian, Santonian",1.717,1.5,NA,0,0.4,0.2,0.4,40,29,36,0
2018-08-11,220,04,1 of 3,10807,Redding,,"Turonian, Coniacian, Santonian",1.2,1.5,NA,0.2,1.1,0.2,0.2,22,18,17,0
2018-08-10,220,04,2 of 3,24209,Redding,,"Turonian, Coniacian, Santonian",1.5,1.8,NA,0.3,1.4,0.3,0.3,22,20,17,0
2018-09-11,220,04,3 of 3,24209,Redding,,"Turonian, Coniacian, Santonian",1.9,2.4,NA,0.2,1.4,0.7,0.7,21,14,17,2
2018-08-11,220,06,1 of 1,15768,Redding,,Santonian,0.556,1.1,NA,NA,1.1,0.2,0.1,14,3,10,1
2018-10-10,220,09,1 of 4,10847,Chico,,Santonian,1.8900000000000001,2.9,0.9,0.1,0.9,0.4,0.1,21,9,7,4
2018-05-11,220,09,1 of 4,10849,Chico,,Santonian,1.6300000000000001,1.4,NA,0.8,0.8,0.4,0.6,24,25,2,8
2018-10-10,220,09,2 of 4,"10848, 10852",Chico,,Santonian,2.2600000000000002,2.3,NA,0.2,1.2,0.2,0.3,32,22,7,12
2018-10-10,220,09,3 of 4,10847,Chico,,Santonian,1.55,3.3,NA,0.3,0.8,0.4,0.3,18,10,5,2
2018-10-10,220,09,4 of 4,10847,Chico,,Santonian,2.47,3.8,2.5,0.3,1.9,0.3,0.6,16,17,0,6
2018-05-11,220,10,2 of 4,10851,Chico,,Santonian,3.27,1.7,NA,0.2,1.1,0.5,0.2,53,35,24,7
2018-05-11,220,10,3 of 4,10849,Chico,,Santonian,1.72,2.1,NA,0.9,0.9,0.5,0.5,21,15,3,7
2018-05-10,220,10,4 of 4,10850,Chico,,Santonian,2.16,1.7,NA,0.4,0.6,0.6,0.4,36,6,7,7
2018-10-11,220,11,1 of 2,"28782, 28783",Chico,,Santonian,0.66,1.3,NA,NA,1,0.3,NA,15,0,3,10
2018-10-11,220,11,2 of 2,,Chico,,Santonian,0.55,0.9,NA,NA,0.6,0.6,NA,16,0,16,0
2018-10-11,220,12,1 of 4,"23618, 23619",Chico,,"Coniacian, Santonian, Campanian",1.77,1.7,NA,NA,0.9,0.5,0.2,33,20,2,8
2018-10-11,220,12,2 of 4,"23619, 23621, 23620",Chico,,"Coniacian, Santonian, Campanian",1.46,1.6,NA,0.4,1.2,0.2,0.1,25,12,4,6
2018-10-11,220,12,3 of 4,23622,Chico,,"Coniacian, Santonian, Campanian",1,1.6,NA,0.2,0.9,0.3,0.5,17,45,3,3
2018-10-11,220,12,4 of 4,"10849, 10851",Chico,,"Coniacian, Santonian, Campanian",0.68,0.9,NA,NA,0.5,0.4,NA,22,0,20,0
2018-10-12,223,02,1 of 4,23624,Chico,,"Coniacian, Santonian, Campanian",1.1300000000000001,2.8,NA,0.2,0.8,0.2,0.3,16,16,3,0
2018-10-12,223,02,2 of 4,23624,Chico,,"Coniacian, Santonian, Campanian",1.67,1.1,NA,0.1,1,0.2,0.1,41,13,13,6
2018-10-12,223,02,3 of 4,23623,Chico,,"Coniacian, Santonian, Campanian",1.73,2.6,NA,0.2,0.7,0.2,0.2,27,23,3,4
2018-10-12,223,02,4 of 4,"23623, 15755",Chico,,"Coniacian, Santonian, Campanian",1.97,2.4,NA,0.1,0.9,0.5,0.1,29,16,8,1
2017-08-19,223,04,1 of 4,"23627, 23628",Chico,Musty Buck,Santonian,6.05,3.1,0.9,0.6,1.2,1,0.6,49,50,4,14
2017-08-22,223,04,2 of 4,23627,Chico,,Santonian,3.25,5.2,0.7,0.9,1.3,NA,0.4,23,20,0,4
2017-08-22,223,04,2 of 4,23627,Chico,Musty Buck,Santonian,4.3,4.1,0.5,0.5,1.6,1.7,0.5,29,20,4,3
2017-08-23,223,04,3 of 4,"23629, 23630",Chico,,Santonian,11.55,4.3,0.4,1.3,2.1,1.1,0.6,70,128,5,28
2017-08-22,223,04,3 of 4,23630,Chico,,Santonian,10.19,4.3,0.3,1,2.1,0.3,0.6,70,128,5,28
2017-08-25,223,04,4 of 4,23628,Chico,Musty Buck,Santonian,5.35,3.1,0.9,0.9,1.3,1.9,1.3,34,35,5,6
2017-08-25,223,04,4 of 4,23628,Chico,,Santonian,4.38,2.8,1.1,0.7,1.3,0.6,1.2,34,35,5,6
2018-10-12,223,05,1 of 3,23633,Chico,,"Santonian, Campanian",1.17,3.6,NA,0.2,0.6,0.3,0.2,14,10,1,2
2018-10-16,223,05,2 of 3,23633,Chico,,"Santonian, Campanian",1.73,1.5,NA,0.1,1.1,0.2,0.2,33,26,7,7
2018-10-16,223,05,3 of 3,"23631, 23632, 23623",Chico,,"Santonian, Campanian",1.5,2.1,NA,0.6,1.1,2.1,0.4,14,14,1,3
2018-09-19,223,07,2 of 3,"15777, 23791, 26935",Redding,,"Turonian, Coniacian, Santonian",1.57,1,NA,0.2,0.6,NA,1.3,31,16,31,0
2018-09-19,223,07,3 of 3,"15782, 24330",Redding,,"Turonian, Coniacian, Santonian",0.29,1.5,NA,0.3,0.8,0.3,NA,6,1,6,0
2018-09-19,223,07,3 of 3,"15782, 24330",Redding,,"Turonian, Coniacian, Santonian",0.29,1.5,NA,0.3,0.8,0.3,NA,6,1,6,0
2018-10-21,223,08,1 of 4,"10866, 10900",Redding,,"Turonian, Santonian",2.73,0.9,NA,0.7,1.2,1.1,NA,42,30,36,0
2018-09-19,223,08,2 of 4,"15783, 24077",Redding,,"Turonian, Santonian",1.38,1.2,NA,NA,0.9,0.3,0.5,28,24,26,0
2018-10-19,223,08,3 of 4,10820,Redding,,"Turonian, Santonian",0.52,1.5,NA,0.5,0.7,0.3,0.1,10,6,9,0
2018-09-20,223,08,4 of 4,"24323, 24322",Redding,,"Turonian, Santonian",1.45,1.5,NA,0.9,0.9,0.2,0.3,23,18,22,0
2018-09-21,223,10,1 of 2,10796,Redding,,"Turonian, Santonian",1.3599999999999999,1.5,NA,0.3,1.3,NA,NA,27,17,21,1
2018-09-26,223,10,1 of 2,24336,Redding,,"Turonian, Santonian",1.78,0.7,NA,0,1,0.7,NA,46,5,45,0
2018-09-21,223,10,2 of 2,24217,Redding,,"Turonian, Santonian",1.65,1.1,NA,0.2,0.7,0.2,0.3,40,30,31,0
2018-09-26,223,10,2 of 2,24336,Redding,,"Turonian, Santonian",1.83,1.2,NA,0.1,0.7,0.1,0.1,51,11,43,8
2018-09-21,223,11,1 of 2,10796,Redding,,Santonian,1.5899999999999999,1,NA,0.1,0.7,0.9,NA,35,7,33,0
2018-09-21,223,11,2 of 2,26015,Redding,,Santonian,0.43,0.8,NA,NA,0.6,0.3,NA,15,0,15,0
2018-09-27,223,12,1 of 3,10787,Redding,,"Coniacian, Santonian",1.26,0.9,NA,0.2,0.5,0.2,0.2,40,27,27,9
2018-09-26,223,12,2 of 3,10787,Redding,,"Coniacian, Santonian",2.03,0.9,NA,0.1,0.5,0.2,0.2,64,37,44,5
2018-09-27,223,12,3 of 3,10787,Redding,,"Coniacian, Santonian",0.48000000000000004,2.5,NA,NA,0.6,0.5,NA,8,2,2,6
2018-08-18,224,07,1 of 3,10797,Redding,,"Coniacian, Santonian",2,1.4,NA,0.2,0.7,0.3,0.2,42,32,33,3
2018-09-15,224,07,2 of 3,10788,Redding,,"Coniacian, Santonian",3.23,2,NA,1,1.8,0.4,0.4,34,27,11,15
2018-08-15,224,07,3 of 3,10786,Redding,,"Coniacian, Santonian",2.6,1.1,NA,0.7,1.4,0.1,0.3,42,44,13,15
2018-09-11,224,08,1 of 4,24106,Redding,,"Coniacian, Santonian",2.45,1.1,NA,0.9,1.8,0.2,0.5,33,31,11,1
2018-09-05,224,08,2 of 4,10796,Redding,,"Coniacian, Santonian",1.14,1,NA,0.4,1.7,NA,0.2,20,15,16,1
2018-09-04,224,08,3 of 4,"24106, 24107",Redding,,"Coniacian, Santonian",1.9200000000000002,2.1,NA,NA,0.9,0.2,1.3,26,22,24,1
2018-09-11,224,08,4 of 4,24106,Redding,,"Coniacian, Santonian",1.41,1.8,NA,0.8,1.6,0.3,NA,19,15,15,0
2018-09-11,224,09,1 of 3,10795,Redding,,"Turonian, Coniacian, Santonian",2.15,1.5,NA,0.5,2,NA,0.3,30,25,28,0
2018-09-04,224,09,1 of 4,10794,Redding,,"Turonian, Coniacian, Santonian",1.8800000000000001,1.7,NA,0.3,0.9,0.2,0.5,31,27,20,3
2018-09-12,224,09,2 of 3,10792,Redding,,"Turonian, Coniacian, Santonian",2.35,2,NA,0.4,1,0.3,0.4,34,29,25,2
2018-10-12,224,09,3 of 3,"10793, 10845",Redding,,"Turonian, Coniacian, Santonian",1.87,1.6,NA,0.5,1,0.2,0.5,29,25,27,0
2018-09-13,224,10,1 of 3,25390,Redding,,"Turonian, Santonian",2.6999999999999997,1,NA,NA,1.7,0.4,0.1,51,23,51,0
2018-09-18,224,10,1 of 3,25390,Redding,,"Turonian, Santonian",3.18,2,NA,0.7,1,0.4,0.2,46,35,45,0
2018-09-12,224,10,3 of 3,25390,Redding,,"Turonian, Santonian",0.9,1,NA,NA,0.7,0.1,NA,29,0,29,0
2018-09-18,224,11,1 of 4,10801,Redding,,"Turonian, Santonian",1.28,39.6,NA,15,22.2,NA,NA,1,27,16,6
2018-09-18,224,11,2 of 4,10798,Redding,,"Turonian, Santonian",2.22,1.6,NA,0.5,1,0.8,0.3,32,25,11,13
2018-10-18,224,11,2 of 4,10798,Redding,,"Turonian, Santonian",2.22,1.6,NA,0.5,1,0.8,0.3,32,25,11,13
2018-09-18,224,11,3 of 4,"10799, 10800",Redding,,"Turonian, Santonian",1.85,1.5,NA,0.5,0.9,0.3,0.5,30,25,8,17
2018-09-18,224,11,4 of 4,"10802, 10804",Redding,,"Turonian, Santonian",1.33,1.2,NA,0.3,1,0.3,0.3,26,18,11,10
2018-10-18,224,11,4 of 4,"10802, 10804",Redding,,"Turonian, Santonian",1.33,1.2,NA,0.3,1,0.3,0.3,26,18,11,10
2018-09-19,224,12,1 of 4,"24220, 24221",Redding,,"Turonian, Santonian",2.4,1.8,NA,0.3,1.4,0.9,NA,33,17,27,3
2018-09-19,224,12,2 of 4,10805,Redding,,"Turonian, Santonian",2.19,1.4,NA,1,1.2,1.1,NA,28,23,16,6
2018-09-19,224,12,3 of 4,"24219, 24247, 23296",Redding,,"Turonian, Santonian",1.51,1.2,NA,0.2,0.7,1,NA,29,17,23,1
2018-09-19,224,12,4 of 4,10824,Redding,,"Turonian, Santonian",0.86,1.8,NA,0.3,1,NA,0.3,15,12,4,5
2018-07-31,225,01,1 of 2,24246,Redding,,"Santonian, Campanian",2.75,1.5,NA,0.1,0.9,0.3,0.3,55,30,43,4
2018-08-01,225,01,2 of 2,24246,Redding,,"Santonian, Campanian",0.6920000000000001,1,NA,0.1,0.8,0.3,0.1,19,1,19,0
2018-10-17,225,02,1 of 3,"24665, 24666",Chico,,"Coniacian, Santonian, Campanian",2.36,1.3,NA,0.4,0.9,0.3,0.2,46,39,15,14
2018-10-17,225,02,2 of 3,24664,Chico,,"Coniacian, Santonian, Campanian",2.18,1.7,NA,0.4,0.9,0.3,0.4,35,25,6,11
2018-10-17,225,02,3 of 3,"24663, 24662",Chico,,"Coniacian, Santonian, Campanian",3.4699999999999998,2.6,NA,3.3,1,0.3,0.6,27,12,7,16
2018-10-24,225,03,1 of 3,24659,Chico,,Santonian,3.7399999999999998,2.1,NA,0.1,0.7,0.1,0.1,71,3,30,40
2018-10-26,225,04,1 of 2,27245,Chico,,"Santonian, Campanian",0.96,1.2,NA,NA,0.5,0.3,NA,29,0,29,0
2018-10-26,225,04,2 of 2,"27244, 27245",Chico,,"Santonian, Campanian",1.29,0.8,NA,NA,1.2,0.3,NA,34,0,34,0
2018-10-27,225,05,2 of 2,27247,Chico,,"Santonian, Campanian",0.61,0.9,NA,NA,0.5,0.2,NA,23,0,23,0
2018-11-01,225,06,1 of 3,15788,Chico,,Santonian,1.68,2.1,NA,0.1,0.9,0.3,0.1,29,8,28,0
2018-11-01,225,06,2 of 3,15788,Chico,,Santonian,0.77,1.7,NA,NA,0.5,0.4,NA,18,0,18,0
2018-11-01,225,06,3 of 3,15788,Chico,,Santonian,0.45,0.9,NA,NA,0.4,0.3,NA,16,0,16,0
2018-11-01,226,01,1 of 2,15791,Chico,,Santonian,0.47,1.5,NA,0.1,0.9,0.3,NA,10,1,10,0
2018-11-01,226,01,2 of 2,15793,Chico,,"Coniacian, Santonian",0.69,0.6,NA,0,0.6,0.3,0,26,3,26,0
2018-11-01,226,02,1 of 3,15794,Chico,,"Coniacian, Campanian",1.18,1.5,NA,NA,1.5,0.5,NA,20,0,20,0
2018-11-01,226,02,2 of 3,15794,Chico,,"Coniacian, Campanian",0.73,1.8,NA,0.1,0.6,0.3,0.1,15,3,13,0
2018-11-01,226,02,3 of 3,15794,Chico,,"Coniacian, Campanian",0.91,0.9,NA,NA,1.4,0.2,NA,22,0,22,0
2018-11-02,227,02,1 of 3,17612,Chico,,Campanian,1.3399999999999999,1.2,NA,0.7,0.5,0.3,0.1,28,5,28,0
2018-11-02,227,02,2 of 3,17611,Chico,,Campanian,0.89,2,NA,2,0.5,0.3,NA,11,0,11,0
2018-11-02,227,02,3 of 3,"17611, 17612",Chico,,Campanian,2.13,1.5,NA,0.5,0.8,0.3,0.1,39,17,17,5
2018-11-06,227,03,1 of 4,10832,Chico,,Campanian,1.6400000000000001,1.3,NA,0.7,1,0.3,NA,30,22,3,0
2018-11-06,227,03,2 of 4,10832,Chico,,Campanian,2.02,1.5,NA,0.3,0.7,0.2,NA,45,17,35,3
2018-11-06,227,03,3 of 4,10833,Chico,,Campanian,1.38,0.9,NA,0.2,0.8,0.3,0.2,35,25,2,11
2018-11-06,227,03,4 of 4,10832,Chico,,Campanian,0.75,2.7,NA,0.2,1,0.4,0.2,10,7,0,0
2018-11-07,227,04,2 of 4,24081,Chico,,"Coniacian, Santonian, Campanian",3.08,1.6,NA,0.7,1.1,NA,1.1,41,31,27,3
2018-11-07,227,04,3 of 4,24340,Chico,,"Coniacian, Santonian, Campanian",1.56,2.7,NA,0.2,0.9,0.2,0.2,22,19,17,5
2018-11-07,227,04,4 of 4,24340,Chico,,"Coniacian, Santonian, Campanian",2.44,1.9,NA,0.6,1.6,0.2,0.3,31,29,17,0
2018-11-07,227,05,1 of 4,28780,Chico,,"Coniacian, Campanian",1.01,1.3,NA,0.3,2,NA,0.4,15,10,1,8
2018-11-07,227,05,2 of 4,22406,Chico,,"Coniacian, Campanian",1.86,1.3,NA,0.6,1,0.2,0.5,31,26,23,0
2018-11-11,227,05,3 of 4,"24337, 24338",Chico,,"Coniacian, Campanian",1.81,1.2,NA,0.5,1.5,0.3,0.2,30,21,25,0
2018-11-09,227,05,4 of 4,11798,Chico,,"Coniacian, Campanian",1.9,1.2,NA,NA,0.9,0.2,NA,50,0,50,0
2018-11-13,227,06,1 of 3,27255,Chico,,Santonian,0.55,1.5,NA,NA,1.5,0.2,0.1,10,1,10,0
2018-11-13,227,06,2 of 3,26918,Chico,,Santonian,0.35,1.3,NA,NA,0.8,0.2,NA,9,0,9,0
2018-11-13,227,06,3 of 3,27255,Chico,,Santonian,1.73,1.8,NA,NA,1,1,0.4,25,10,25,0
2018-11-24,227,07,1 of 1,15764,Chico,,"Coniacian, Campanian",0.32,0.8,NA,NA,0.6,0.2,NA,12,0,12,0
2018-11-27,227,08,1 of 3,23793,Chico,,"Coniacian, Santonian, Campanian",1.58,1.5,NA,NA,1,0.5,0.2,30,25,28,0
2018-11-14,227,09,1 of 4,10855,Chico,,"Santonian, Campanian",1.92,1.6,NA,0.2,1.4,NA,0.5,32,30,3,12
2018-11-14,227,09,2 of 4,10853,Chico,,"Santonian, Campanian",1.81,1.3,NA,0.3,1.5,NA,0.5,31,23,7,10
2018-11-14,227,09,3 of 4,10854,Chico,,"Santonian, Campanian",1.23,1.3,NA,0.2,1.3,NA,0.4,23,20,4,6
2018-11-14,227,09,4 of 4,10856,Chico,,"Santonian, Campanian",2.4899999999999998,1.4,NA,0.3,2.1,NA,0.4,35,31,7,14
2018-11-21,227,10,1 of 4,10861,Chico,,"Santonian, Campanian",2.21,2.1,NA,NA,1.5,0.3,0.7,29,28,3,7
2018-11-21,227,10,2 of 4,10861,Chico,,"Santonian, Campanian",1.56,2.1,NA,NA,0.7,0.3,0.2,29,24,5,8
2018-11-21,227,10,3 of 4,10858,Chico,,"Santonian, Campanian",0.9400000000000001,1.7,NA,0.3,0.9,0.3,0.3,16,12,3,5
2018-11-21,227,10,3 of 4,10858,Chico,,"Santonian, Campanian",0.84,1.3,NA,0.3,0.9,0.3,0.3,16,12,3,5
2018-11-21,227,10,4 of 4,"10857, 1859",Chico,,"Santonian, Campanian",0.87,1.1,NA,0.3,1,0.3,0.3,18,9,0,8
2018-11-14,227,11,1 of 1,28781,,,,1.57,1.3,NA,0.2,1.5,NA,0.2,31,5,9,11
2018-11-24,227,12,1 of 4,"23631, 23633, 23634, 23632",Chico,,"Coniacian, Santonian, Campanian",1.8,1.4,NA,NA,1.1,0.2,0.2,37,32,1,12
2018-11-24,227,12,2 of 4,23635,Chico,,"Coniacian, Santonian, Campanian",3.23,1.5,NA,0.4,1,0.4,0.5,51,39,4,15
2018-11-24,227,12,3 of 4,23631,Chico,,"Coniacian, Santonian, Campanian",2.45,1.5,NA,0.4,1.1,0.4,0.4,39,31,8,15
2018-11-24,227,12,3 of 4,23631,Chico,,"Coniacian, Santonian, Campanian",2.45,1.5,NA,0.4,1.1,0.4,0.4,39,31,8,15
2018-11-24,227,12,4 of 4,"23632, 23192",Chico,,"Coniacian, Santonian, Campanian",2.63,1.7,NA,0.2,1.1,0.4,0.5,40,35,5,15
2018-12-05,228,01,1 of 2,26044,Chico,,"Coniacian, Campanian",1.21,1.6,NA,0.4,1,0.3,0.1,22,3,19,0
2018-12-05,228,01,2 of 2,26044,Chico,,"Coniacian, Campanian",0.72,1.7,NA,NA,0.8,2.2,0.1,9,2,7,0
2018-12-18,228,02,1 of 4,10837,Chico,,"Coniacian, Santonian, Campanian",1.83,1.9,NA,0.6,0.6,0.2,0.1,31,20,28,0
2018-12-18,228,02,2 of 4,"10835, 10834",Chico,,"Coniacian, Santonian, Campanian",1.77,1.4,NA,0.2,0.9,0.2,0.2,37,28,20,6
2018-12-18,228,02,3 of 4,10835,Chico,,"Coniacian, Santonian, Campanian",1.58,1.4,NA,0.5,1.1,0.2,0.2,28,18,13,7
2018-12-18,228,02,4 of 4,10834,Chico,,"Coniacian, Santonian, Campanian",1.38,1.3,NA,0.4,0.9,0.2,0.3,26,21,8,9
2018-12-19,228,03,1 of 4,10836,Chico,,"Coniacian, Santonian, Campanian",0.44,2.8,NA,NA,0.7,0.3,NA,7,3,0,0
2018-12-19,228,03,2 of 4,24224,Chico,,"Coniacian, Santonian, Campanian",1.67,1.9,NA,0.8,0.8,0.2,0.2,26,18,20,2
2018-12-19,228,03,3 of 4,10836,Chico,,"Coniacian, Santonian, Campanian",1.48,1.1,NA,0.2,0.5,0.2,0.2,40,33,36,0
2018-12-19,228,03,4 of 4,24224,Chico,,"Coniacian, Santonian, Campanian",0.88,0.8,NA,0.1,0.2,0.2,0.1,36,14,26,0
2018-12-19,228,04,1 of 2,26046,Chico,,Campanian,0.86,1.7,NA,NA,0.4,0.1,NA,23,0,23,0
2018-12-19,228,04,1 of 2,26046,Chico,,Campanian,0.76,0.4,NA,NA,0.4,0.1,NA,45,0,45,0
2018-12-19,228,05,1 of 2,26046,Chico,,Campanian,0.26,0.9,NA,NA,0.5,0.2,NA,10,0,10,0
2018-12-19,228,05,2 of 2,26046,Chico,,Campanian,1.04,1,NA,0.1,0.4,0.2,0.1,35,11,31,0
2018-12-19,228,06,1 of 2,26045,Chico,,"Coniacian, Campanian",0.5,1,NA,NA,0.3,0.2,NA,19,0,19,0
2018-12-19,228,06,2 of 2,26045,Chico,,"Coniacian, Campanian",0.64,0.9,NA,0.1,0.4,0.3,0.1,22,4,22,0
2018-12-13,228,07,1 of 4,23637,Chico,,"Santonian, Campanian",1.07,1.2,NA,NA,0.6,0.2,NA,32,0,32,0
2018-12-13,228,07,2 of 4,23637,Chico,,"Santonian, Campanian",1.3099999999999998,0.9,NA,NA,0.9,0.2,NA,39,0,39,0
2018-12-13,228,07,3 of 4,23697,Chico,,"Santonian, Campanian",1.18,0.8,NA,NA,0.7,0.2,NA,41,0,41,0
2018-12-13,228,07,4 of 4,23637,Chico,,"Santonian, Campanian",1.01,1.6,NA,NA,0.9,0.3,NA,22,0,22,0
2018-12-13,228,08,1 of 3,23637,Chico,,"Santonian, Campanian",0.88,1.8,NA,NA,0.8,0.3,NA,18,0,18,0
2018-12-13,228,08,1 of 3,23637,Chico,,"Santonian, Campanian",0.85,1.2,NA,NA,0.6,0.2,NA,24,0,24,0
2018-12-07,228,09,1 of 4,23637,Chico,,"Santonian, Campanian",3.12,1.5,NA,1.5,1,1.9,0.2,31,32,7,3
2018-12-07,228,09,1 of 4,23637,Chico,,"Santonian, Campanian",2.64,1.6,NA,1.1,1.1,2.4,0.2,25,18,3,11
2018-12-07,228,09,1 of 4,"23637, 23636",Chico,,"Santonian, Campanian",3.2199999999999998,1.4,NA,1.1,1,1.7,0.2,35,29,0,0
2018-12-05,228,09,1 of 4,23636,Chico,,"Santonian, Campanian",2.66,1,NA,0.4,0.9,1.6,0.2,38,28,11,5
2018-12-08,228,10,1 of 4,"23639, 23640",Chico,,"Santonian, Campanian",2.87,1.6,NA,1.8,1.3,0.2,0.2,34,36,3,7
2018-12-08,228,10,2 of 4,23641,Chico,,"Santonian, Campanian",2,1.3,NA,0.5,0.9,0.2,0.2,39,37,9,11
2018-12-08,228,10,3 of 4,23639,Chico,,"Santonian, Campanian",1.95,1.1,NA,0.2,0.9,0.2,0.2,45,41,3,17
2018-12-08,228,10,4 of 4,23638,Chico,,"Santonian, Campanian",1.44,1.1,NA,0.2,0.9,0.2,0.1,35,34,5,12
2018-12-11,228,11,1 of 4,23643,Chico,,"Santonian, Campanian",1.79,1.4,NA,0.5,0.7,0.2,0.1,37,30,8,17
2018-12-11,228,11,2 of 4,23642,Chico,,"Santonian, Campanian",2.1,1.6,NA,0.5,1,0.2,1,29,24,2,6
2018-12-11,228,11,3 of 4,"23642, 23643",Chico,,"Santonian, Campanian",1.6300000000000001,1.3,NA,0.6,0.6,0.2,0.2,35,30,1,4
2018-12-11,228,11,4 of 4,23643,Chico,,"Santonian, Campanian",3.19,1.4,NA,0.4,1.6,0.2,1.6,37,34,4,9
2018-12-12,228,12,1 of 4,"23644, 23645",Chico,,"Santonian, Campanian",1.53,0.8,NA,0.2,0.6,0.2,0.1,47,44,1,13
2018-12-11,228,12,2 of 4,"23646, 23647",Chico,,"Santonian, Campanian",1.49,0.9,NA,0.5,1,0.2,0.2,32,21,1,7
2018-12-12,228,12,3 of 4,23648,Chico,,"Santonian, Campanian",1.3900000000000001,1.4,NA,0.5,0.7,0.2,0.1,28,21,1,7
2018-12-12,228,12,4 of 4,23648,Chico,,"Santonian, Campanian",1.32,1.8,NA,0.4,0.9,0.3,0.2,22,19,0,6
2017-11-15,233,07,1 of 1,6965,Chatsworth,Dayton Canyon,Campanian,0.75,3,NA,NA,1.5,NA,NA,10,2,14,0
2017-11-21,233,09,1 of 1,,Chatsworth,,Campanian,0.25,1.7,NA,NA,NA,NA,NA,9,9,9,0
2017-11-17,233,09,1 of 2,6965,Chatsworth,Dayton Canyon,Campanian,1.99,5,NA,0.1,2,0.9,NA,15,8,21,0
2017-11-11,233,11,1 of 1,10715,Chatsworth,Dayton Canyon,Campanian,1.73,8.2,0.4,NA,0.9,NA,NA,11,20,0,22
2017-10-31,233,11,1 of 2,10715,Chatsworth,Dayton Canyon,Campanian,0.46,1.7,0.7,0.1,0.7,NA,NA,9,9,0,9
2017-11-14,233,12,1 of 1,6965,Chatsworth,Dayton Canyon,Campanian,2.18,8.6,0.4,NA,0.4,NA,NA,14,3,14,0
2017-10-31,233,12,1 of 3,10715,Chatsworth,Dayton Canyon,Campanian,1.69,3.5,0.8,0.4,0.9,NA,0.4,17,19,3,2
2017-11-22,234,01,1 of 1,26994,Chatsworth,,Campanian,9.8,5.8,NA,NA,1.4,0.8,0.1,72,15,72,0
2017-11-15,234,01,1 of 3,"26994, 10714, 10713",Chatsworth,,Campanian,5.26,3.8,0.1,0.2,1.4,NA,0.6,52,53,11,6
2017-09-15,234,01,1 of 4,10711,Chatsworth,,Campanian,5,5,0.4,0.4,1.7,0.4,0.4,36,34,5,5
2017-08-14,234,01,1 of 4,10711,Chatsworth,,Campanian,5.16,5,0.5,0.4,1.7,0.6,0.5,36,34,5,5
2017-09-15,234,01,2 of 4,10711,Chatsworth,,Campanian,3,3.3,0.7,0.7,1.3,1.3,0.7,23,17,0,6
2017-09-26,234,01,3 of 4,10711,Chatsworth,,Campanian,3.09,3.2,1.1,0.5,4.8,2.6,1.1,14,12,3,1
2018-03-22,234,02,1 of 4,10709,Chatsworth,,Campanian,3.65,3.4,NA,1,1.5,1.2,NA,31,31,3,3
2017-11-21,234,02,3 of 4,10708,Chatsworth,Dayton Canyon,Campanian,5.81,2.2,0.8,0.1,4.5,0.6,0.5,40,37,4,9
2017-11-29,234,02,2 of 4,"10706, 10707",Chatsworth,Dayton Canyon,Campanian,3.31,2.6,0.1,0.2,1.1,0.3,0.6,40,38,0,11
2018-03-22,234,03,1 of 2,22336,Chatsworth,Dayton Canyon,Campanian,2.89,4.1,0.9,0.3,1.9,NA,0.7,22,18,3,4
2017-11-09,234,03,1 of 3,22336,Chatsworth,Dayton Canyon,Campanian,1.162,3.8,2.9,0.1,1.8,NA,0.1,8,8,1,4
2017-12-01,234,04,1 of 3,6965,Chatsworth,,Campanian,3.4,2.7,0.5,0.2,0.8,0.9,0.2,39,28,23,1
2017-11-16,234,05,1 of 3,6965,Chatsworth,Dayton Canyon,Campanian,5.68,9.5,NA,0.1,7.1,0.8,0.5,19,15,9,1
2017-10-30,234,06,1 of 3,6965,Chatsworth,,Campanian,4.01,3.1,0.9,0.2,0.9,NA,0.3,43,41,2,1
2017-08-25,234,08,1 of 2,,Chatsworth,,Campanian,5.75,1.9,NA,0.5,1.9,0.5,0.7,62,51,0,3
2018-05-03,234,11,1 of 2,27001,Tuna Canyon,Santa Ynez Canyon,Campanian,3.17,3.2,NA,0.3,1.2,0.3,0.1,37,20,2,15
2018-05-15,235,11,1 of 3,26019,Tuna Canyon,Member D @ Rivas Canyon,Campanian,1.49,1.7,NA,0.4,0.7,0.4,0.2,26,14,9,0
2018-05-15,235,11,2 of 2,26019,Tuna Canyon,Member D @ Rivas Canyon,Campanian,1.1,2.5,NA,0.4,1.2,0.8,0.6,12,6,5,0
2018-05-11,237,03,2 of 2,"8201, 8205",Tuna Canyon,Santa Ynez Canyon,Campanian,2.59,3.1,NA,0.4,1,0.4,0.5,29,20,27,1
2018-02-22,237,10,1 of 3,"10717, 10718",Ladd,Holz Shale,"Turonian, Campanian",4.19,6.2,0.7,0.1,1,0.5,0.2,29,22,5,14
2018-03-02,237,10,2 of 2,10722,Ladd,Holz Shale,"Turonian, Campanian",3.51,6.2,NA,0.1,1.5,0.8,0.1,24,20,9,10
2018-02-23,237,10,2 of 3,"10720, 10721",Ladd,Holz Shale,"Turonian, Campanian",2.4,3.6,NA,0.1,1.4,0.4,0.2,25,22,3,8
2018-03-30,237,11,1 of 2,10092,Ladd,Holz Shale,"Turonian, Campanian",0.89,2.5,NA,0.2,1.2,0.4,0.2,12,10,1,3
2018-04-07,237,11,1 of 3,10089,Ladd,Holz Shale,"Turonian, Campanian",1.53,3.2,NA,0.1,1,0.3,0.3,19,16,11,3
2018-04-10,237,12,1 of 2,15878,Ladd,Holz Shale,"Turonian, Campanian",2.23,2.5,NA,0.7,0.8,0.3,0.2,30,10,30,0
2018-04-03,237,12,1 of 4,"10084, 29178",Ladd,Holz Shale,"Turonian, Campanian",0.9359999999999999,2.5,NA,0.4,1.2,0.4,0.1,12,4,0,0
2018-04-10,237,12,2 of 2,10086,Ladd,Holz Shale,"Turonian, Campanian",1.274,2.1,NA,0,1.1,0.3,0,21,8,3,6
2018-04-03,237,12,2 of 4,"10087, 10088, 10085, 29179",Ladd,Holz Shale,"Turonian, Campanian",2.57,2.8,NA,0.3,1.6,0.3,0.1,30,13,13,7
2018-04-17,238,07,2 of 4,8173,Ladd,Upper Holz Shale,Campanian,1.582,2.4,NA,0,0.7,0.6,0,25,2,23,0
2018-04-11,238,11,1 of 3,"21526, 21527, 21528, 21531, 21533, 20666",Ladd,,Campanian,1.81,3.9,NA,0.1,1.6,NA,0.1,19,10,2,7
2018-04-12,238,11,2 of 3,"21536, 158",Ladd,Holz Shale,Campanian,5.357,27.3,NA,0.1,1.4,0.3,0.2,11,5,2,1
2018-04-12,238,11,3 of 3,158,Ladd,Holz Shale,Campanian,2.84,5,NA,0.2,1.4,0.4,0.1,24,8,23,1
2018-04-12,238,12,1 of 3,22949,Ladd,Upper Holz Shale,Campanian,0.617,1.9,NA,0.1,1.8,0.2,0.6,8,5,8,0
2018-04-12,238,12,2 of 3,22949,Ladd,Upper Holz Shale,Campanian,1.62,2.3,NA,NA,0.7,0.8,NA,26,5,25,0
2018-04-13,238,12,3 of 3,22949,Ladd,Upper Holz Shale,Campanian,3.69,4.4,NA,0.6,0.8,0.6,0.1,34,20,33,1
2017-10-10,240,12,1 of 4,10105,Williams,Pleasants Sandstone,Campanian,2.46,6.2,0.8,0.5,3.8,0.5,0.5,12,12,0,5
2017-10-11,240,12,2 of 4,10105,Williams,Pleasants Sandstone,Campanian,4.07,4.4,0.3,0.4,1.2,0.4,0.4,34,28,6,2
2017-10-11,240,12,3 of 4,10105,Williams,Pleasants Sandstone,Campanian,3.31,3.6,0.3,0.5,0.7,0.5,0.5,33,28,3,3
2017-10-12,240,12,4 of 4,10105,Williams,Pleasants Sandstone,Campanian,3.86,10.3,0.4,0.9,1.9,0.6,0.4,16,14,16,1
2018-04-18,241,03,1 of 4,27200,Williams,Schulz Ranch,Campanian,1.68,3.4,NA,0.2,0.9,NA,0.1,22,12,6,7
2018-04-19,241,03,2 of 4,27200,Williams,Schulz Ranch,Campanian,0.912,4.4,NA,0.1,NA,0.4,0.1,11,8,5,0
2018-04-19,241,03,3 of 4,"10719, 27199",Williams,,Campanian,3.42,2.9,NA,0.3,0.8,0.8,0.8,36,23,9,10
2017-10-11,241,05,1 of 3,10877,Williams,Pleasants Sandstone,Campanian,4.15,3.6,0.9,0.6,1.8,0.3,0.3,33,30,8,11
2018-05-12,241,08,1 of 2,22415,Williams,,Campanian,1.194,3,0.1,0.3,1,0.3,0.1,15,10,5,0
2018-05-12,241,08,2 of 2,22415,Williams,,Campanian,0.5,1.5,NA,NA,0.4,0.4,NA,13,1,5,8
2018-05-11,241,09,1 of 2,22415,Williams,Pleasants Sandstone,Campanian,1.66,4.3,NA,0.3,1.4,1.1,NA,14,12,5,0
2018-05-12,241,09,1 of 2,22415,Williams,,Campanian,0.4,2.5,NA,NA,0.7,0.8,NA,6,6,0,0
2018-05-11,241,09,2 of 2,22415,Williams,Pleasants Sandstone,Campanian,1.28,1.8,NA,NA,0.4,0.1,NA,34,15,10,0
2018-05-12,241,09,2 of 2,22415,Williams,,Campanian,0.41000000000000003,5,NA,NA,0.8,0.4,NA,4,2,0,0
2018-05-12,241,11,1 of 3,22415,Williams,Pleasants Sandstone,Campanian,5.42,13,NA,NA,0.7,0.4,NA,23,6,10,2
2018-05-11,241,11,2 of 3,22415,Williams,Pleasants Sandstone,Campanian,2.34,5,NA,0.3,1.8,0.6,0.1,18,11,11,5
2018-05-12,241,11,3 of 3,22415,Williams,,Campanian,1.02,1.6,NA,0.2,0.6,0.2,0.1,23,13,6,6
2018-05-12,241,12,1 of 2,22415,Williams,Pleasants Sandstone,Campanian,1.312,4.6,NA,0.1,1.2,0.1,0.1,13,12,6,3
2018-05-12,241,12,1 of 3,22415,Williams,Pleasants Sandstone,Campanian,1.74,3,NA,0.2,0.7,0.2,0.1,25,10,13,4
2018-05-15,241,12,2 of 2,22415,Williams,Pleasants Sandstone,Campanian,0.4,2.5,NA,NA,1.2,0.3,NA,6,2,5,0
2018-03-04,243,03,1 of 2,"10934, 17871",Ladd,,"Turonian, Coniacian",0.216,1.9,NA,NA,0.5,0.2,NA,5,0,1,0
2018-03-04,243,03,2 of 2,10934,Ladd,,"Turonian, Coniacian",0.6960000000000001,1.1,NA,0.1,0.7,0.3,0.1,18,5,7,1
2018-11-30,244,05,1 of 2,15789,Chico,,"Santonian, Campanian",1.07,1.2,NA,NA,1.1,0.3,NA,24,0,24,0
2018-11-30,244,05,2 of 2,"15790, 15789",Chico,,"Santonian, Campanian",0.38,0.8,NA,NA,0.8,0.4,NA,12,0,12,0
2018-11-30,244,06,2 of 3,15792,Chico,,"Santonian, Campanian",1.63,1.2,NA,NA,1.2,0.1,0.1,37,13,34,0
2018-11-30,244,06,3 of 3,15792,Chico,,"Santonian, Campanian",1.4,1.5,NA,NA,1,0.3,NA,30,0,30,0
2018-11-30,244,06,1 of 3,15792,Chico,,"Santonian, Campanian",1.4,1.5,NA,NA,1,0.3,NA,30,0,30,0
2017-09-27,245,02,1 of 3,"10709, 10710",Chatsworth,,Campanian,3.5,3.3,2,0.7,1.3,1.3,0.7,23,19,2,10
2017-09-27,245,02,2 of 3,10710,Chatsworth,,Campanian,3.25,3.3,1.3,0.7,1.3,1.3,0.7,23,19,5,4
2017-09-27,245,02,3 of 3,10709,Chatsworth,,Campanian,2.5,3.2,2.1,1.1,1.1,2.1,1.1,14,7,0,6
2018-01-31,255,05,1 of 4,"21190, 21193",San Francisquito,,Maastrichtian,2.627,4.3,0.2,0.1,2.1,0.7,0,21,8,7,6
2018-01-09,255,08,1 of 3,10663,Moreno,Tierra Loma Sandstone,Maastrichtian,2.17,2.4,0.8,0.1,1.2,0.6,0.2,25,16,5,5
2018-01-11,255,08,2 of 3,10664,Moreno,Tierra Loma Sandstone,Maastrichtian,1.76,3.3,0.3,0.6,1.3,0.3,0.1,18,11,7,5
2018-01-11,255,08,3 of 3,"10662, 10665",Moreno,Tierra Loma Sandstone,Maastrichtian,1.59,2.5,NA,0.8,0.9,0.6,0.5,18,12,4,12
2018-01-04,255,09,1 of 4,26345,Moreno,Tierra Loma Sandstone,Maastrichtian,3.45,3.8,0.7,0.3,1,0.4,0.3,32,26,9,9
2018-01-06,255,09,2 of 4,26345,Moreno,Tierra Loma Sandstone,Maastrichtian,0.9,2.2,1.1,0.6,1,NA,1.1,9,9,4,2
2018-01-06,255,09,3 of 4,26343,Moreno,Tierra Loma Sandstone,Maastrichtian,1.74,3.8,0.7,0.3,1.2,0.4,0.3,16,13,2,10
2018-01-06,255,09,4 of 4,"10666, 10670",Moreno,Tierra Loma Sandstone,Maastrichtian,2.04,2.9,0.8,0.3,1,0.5,0.4,21,16,3,13
2018-01-04,255,10,1 of 2,"10667, 10668",Moreno,Tierra Loma Sandstone,Maastrichtian,3.99,5.4,1.8,0.4,1.2,0.4,0.4,25,27,7,12
2018-01-04,255,10,2 of 2,"10661, 10669",Moreno,,Maastrichtian,1.52,3,0.6,0.3,1.4,0.6,0.3,15,12,7,5
2017-10-21,255,11,2 of 3,"26347, 23648",Moreno,Mercy Sandstone,Maastrichtian,3.69,3.8,0.8,0.5,2.5,1.2,0.4,24,15,0,0
2017-12-22,255,11,3 of 3,8147,Moreno,Tierra Loma Sandstone,Maastrichtian,5.91,6,0.7,0.3,2.1,0.6,0.5,35,38,22,5
2017-12-19,255,12,1 of 3,10679,Moreno,Tierra Loma Sandstone,Maastrichtian,1.31,3.5,0.3,0.3,1.2,NA,0.7,13,14,2,2
2017-12-20,255,12,2 of 3,"10682, 10681, 10926",Moreno,Tierra Loma Sandstone,Maastrichtian,3.16,5.2,0.4,0.2,1.7,NA,0.7,23,16,5,9
2017-12-20,255,12,3 of 3,10680,Moreno,Tierra Loma Sandstone,Maastrichtian,2.54,3.8,0.6,0.4,1,NA,0.6,24,23,6,11
2018-02-07,256,04,1 of 2,21578,San Francisquito,,Maastrichtian,1.227,2.7,1.9,0.4,1.1,0.5,0.1,11,6,4,1
2018-01-31,256,05,1 of 2,"21389, 21815",San Francisquito,,Maastrichtian,1.52,NA,0.5,0.7,1.4,0.6,0.4,25,14,7,8
2018-01-17,256,07,1 of 3,26346,Moreno,Tierra Loma Sandstone,Maastrichtian,3.25,3.5,NA,0.6,0.9,0.3,0.4,34,24,17,5
2018-01-17,256,07,2 of 3,26536,Moreno,,Maastrichtian,1.45,3.3,NA,0,1.1,0.3,0,18,11,18,0
2018-01-18,256,07,3 of 3,26356,Moreno,Quinto B,Maastrichtian,0.91,2.7,NA,0.4,1.4,0.2,0.2,11,5,11,0
2018-01-18,256,08,1 of 3,22661,Moreno,Quinto B,Maastrichtian,0.66,3.3,NA,NA,0.5,0.5,NA,9,9,0,0
2018-01-18,256,08,2 of 3,22661,Moreno,Quinto B,Maastrichtian,0.8300000000000001,3,0.5,NA,1,0.5,NA,10,7,1,0
2018-01-18,256,08,3 of 3,,Moreno,,Maastrichtian,4.13,6.4,NA,0.2,1.7,0.4,0.2,28,15,20,0
2018-01-12,256,09,1 of 4,10685,Moreno,Los Banos Creek,Maastrichtian,1.02,2.5,0.5,0.4,0.8,0.5,0.4,12,17,3,8
2018-01-19,256,09,1 of 4,"10674, 10675",Moreno,Quinto B,Maastrichtian,4.05,5,0.4,NA,2,0.6,2,24,16,15,7
2018-01-24,256,09,2 of 4,"10672, 10673",Moreno,Quinto B,Maastrichtian,1.71,5.5,0.9,0.2,2.2,0.4,0.2,11,8,3,7
2018-01-25,256,09,3 of 4,10678,Moreno,Quinto B,Maastrichtian,1.48,3.8,0.8,NA,1.5,0.5,0.9,12,8,4,9
2018-01-26,256,09,4 of 4,10676,Moreno,,Maastrichtian,1.62,4.5,1,0.2,1.7,0.6,1.8,10,8,3,6
2018-01-17,256,09,4 of 4,26638,Moreno,Quinto B,Maastrichtian,0.744,4.3,NA,0.1,1.5,0.3,0.1,7,5,17,0
2018-01-11,256,10,2 of 4,10685,Moreno,Quinto B,Maastrichtian,2.49,4.5,0.5,0.5,1.2,0.5,0.3,20,20,3,5
2018-01-16,256,10,3 of 4,26342,Moreno,Quinto B,Maastrichtian,3.2,4.1,NA,0.5,1.2,0.2,0.5,29,22,17,4
2018-01-26,256,11,1 of 2,"26341, 26347",Moreno,Mercy Sandstone,Maastrichtian,2.55,5.5,0.3,0.2,1.3,0.5,0.3,19,12,9,9
2018-01-26,256,11,2 of 3,27176,Moreno,,Maastrichtian,2.32,3.6,NA,0.1,2.3,0.5,0.2,21,8,15,2
2018-01-26,256,12,1 of 3,8184,Moreno,Garzas Sandstone,Maastrichtian,1.35,3.8,NA,0.2,2,0.5,0.4,12,10,11,0
2018-01-27,256,12,2 of 3,"10694, 10683",Moreno,,Maastrichtian,0.9400000000000001,3.5,0.2,0.2,1.7,0.5,0.2,9,6,5,4
2018-01-27,256,12,3 of 3,"8152, 8153",Moreno,,Maastrichtian,1.107,3,0.3,0.1,0.7,0.3,0.1,15,8,15,0
2018-04-26,260,10,1 of 2,6248,Jalama,,Campanian,1.24,3.7,NA,NA,NA,0.3,0.1,18,13,4,3
2018-04-25,260,10,2 of 2,6248,Jalama,,Campanian,0.66,5,NA,NA,0.8,0.8,NA,6,6,0,6
2018-04-25,260,11,1 of 3,6243,Jalama,,Campanian,2.6,3.2,NA,0.7,0.8,0.7,0.2,28,19,6,12
2018-04-25,260,11,2 of 3,6243,Jalama,,Campanian,0.902,3.8,1.5,0.1,0.8,0.5,0.1,8,9,0,0
2018-04-26,262,07,1 of 4,"24111, 24110",Jalama,,"Campanian, Maastrichtian",8.620000000000001,7.8,NA,0.4,0.7,2.1,0.2,46,49,9,15
2018-04-26,262,07,3 of 4,"24108, 24109, 24110, 24112",Jalama,,"Campanian, Maastrichtian",4.03,2.6,NA,0.3,1.3,0.4,0.7,46,35,5,34
2018-01-03,264,04,1 of 2,"26357, 26358",Moreno,,Maastrichtian,2.03,5.8,0.7,0.3,1.5,0.7,0.4,13,13,1,8
2017-12-13,264,04,1 of 3,"26351, 26352, 26353",Moreno,Garzas Sandstone,Maastrichtian,2.83,4,NA,0.2,1,NA,0.5,30,22,9,7
2017-12-15,264,07,1 of 2,"23814, 23812, 26469",Chatsworth,Lang Ranch,Maastrichtian,4.21,3.4,0.4,1.2,1.7,NA,0.4,35,40,0,10
2017-12-15,264,07,2 of 2,"23813, 23815",Chatsworth,Lang Ranch,Maastrichtian,6.36,4,1.3,1.5,1.3,NA,0.3,45,33,17,3
2017-12-21,265,11,1 of 3,"26344, 27170, 27171",Moreno,Tierra Loma Sandstone,Maastrichtian,2.7,3.6,0.3,0.2,0.5,NA,0.3,33,25,10,14
2018-09-16,274,01,1 of 2,1215,Rosario,Arroyo Santa Catarina,"Campanian, Maastrichtian",0.98,1.8,NA,NA,1.2,0.5,NA,17,0,9,5
2018-09-17,274,01,2 of 2,1215,Rosario,Arroyo Santa Catarina,"Campanian, Maastrichtian",0.56,4,NA,NA,1,1.8,NA,5,2,2,2
2018-09-17,274,02,1 of 2,"2852, 1474",Rosario,,"Campanian, Maastrichtian",3.88,2.7,NA,0.2,1.7,0.4,0.2,45,26,24,14
2018-08-01,274,02,1 of 3,2852,Rosario,Santa Catarina,"Campanian, Maastrichtian",3.22,3.6,NA,0.3,1.5,0.3,0.1,33,26,14,13
2018-08-22,274,02,2 of 2,2852,Rosario,Santa Catarina,"Campanian, Maastrichtian",1.49,2.3,NA,NA,0.9,0.2,NA,26,12,13,0
2018-10-09,274,03,1 of 2,2852,Rosario,Arroyo Santa Catarina,"Campanian, Maastrichtian",3.55,3.6,NA,0.1,0.7,0.5,0.2,42,19,35,2
2018-07-25,274,03,1 of 3,2853,Rosario,Santa Catarina,"Campanian, Maastrichtian",3.42,3.5,NA,0.1,1.3,0.9,0.2,34,21,11,8
2018-09-25,274,03,2 of 3,2852,Rosario,Arroyo Santa Catarina,"Campanian, Maastrichtian",4.02,3.8,NA,0.1,0.6,NA,0.6,48,25,24,21
2018-10-12,274,04,1 of 3,2855,Rosario,Santa Catarina Landing,"Campanian, Maastrichtian",3.86,4.1,NA,NA,0.9,0.3,NA,44,29,14,23
2018-07-26,274,06,1 of 1,2858,Rosario,Arroyo Santa Catarina,"Campanian, Maastrichtian",1.112,2,NA,0.1,1.3,1,0.1,15,7,8,8
2018-07-25,276,01,1 of 2,"5975, 5979",Rosario,Arroyo Santa Catarina,"Campanian, Maastrichtian",3.64,2.5,NA,0.1,1.2,0.6,0.1,48,13,23,19
2018-07-26,276,01,2 of 2,"2860, 2868, 2859",Rosario,Santa Catarina,"Campanian, Maastrichtian",1.622,3.8,NA,0.1,1.3,0.9,0.1,16,4,2,9
2018-05-22,183,01,1 of 1,,,LouElla Spms,,0.25,NA,NA,NA,NA,1.2,NA,13,16,0,10
2018-10-27,Taxonomic,,,,,Inoceramidae Systematic Collection,,1.08,3,NA,NA,3,0.5,NA,10,4,2,1
2018-10-27,Taxonomic,,,,,Inoceramidae Systematic Collection,,0.73,2.5,NA,NA,1.9,1.1,NA,8,8,0,1
2018-10-27,Taxonomic,,,,,Inoceramidae Systematic Collection,,1.12,1.4,NA,0.1,0.5,0.3,0.1,29,35,0,1
2018-10-27,Taxonomic,,,,,Inoceramidae Systematic Collection,,0.45,1.9,NA,NA,1.1,0.4,NA,8,2,1,2
2018-10-27,Taxonomic,,,,,Inoceramidae Systematic Collection,,1.55,1.3,NA,0.2,0.9,0.3,0.1,33,20,12,11
2018-10-28,Taxonomic,,,,,Inoceramidae Systematic Collection,,1.32,0.8,NA,0,0.9,0.3,0.4,33,2,33,0
2018-04-16,Taxonomic,,,,Redding,Bear Creek,"Turonian, Coniacian, Santonian",0.796,2,NA,0.1,1.5,1,0.2,10,15,0,1
2018-04-16,Taxonomic,,,,Redding,Bellavista,"Turonian, Coniacian, Santonian",2.32,1.3,NA,0.4,1.8,0.3,0.4,34,54,0,15
2018-04-16,Taxonomic,,,,Redding,Frazier Siltstone,"Turonian, Coniacian, Santonian",1.8800000000000001,2.7,NA,0.1,1.4,0.7,0.2,22,33,0,6
2018-04-18,Taxonomic,,,,,,,0.89,1.4,NA,0.3,1,0.7,0.3,14,18,0,2
2018-04-20,Taxonomic,,,,,,,1.55,1.4,NA,0.3,0.7,0.3,0.1,33,20,8,12
2018-07-14,Taxonomic,,,,,,,0.89,1.5,NA,0.5,NA,0.5,0.2,20,33,0,1
2017-09-26,unknown,01,3 of 4,10711,Chatsworth,,Campanian,3.08,3.2,0.7,0.3,5.3,2.6,1.1,14,12,3,1
2018-05-19,unknown,,,,,,,1.3,NA,NA,NA,1.1,0.9,0.9,28,44,0,0
2018-05-19,unknown,,,,,,,1.95,2.5,NA,NA,1.8,0.6,NA,24,30,4,0
2018-08-01,unknown,,,,,,,2.02,1.6,NA,0.2,2.1,0.2,0.2,28,44,0,0
